win,score_us,score_opp,rounds,map,ban_a_us,ban_a_opp,ban_d_us,ban_d_opp,location_1,location_2,location_3,location_4,location_5,location_6,location_7,location_8,location_9,side_1,side_2,side_3,side_4,side_5,side_6,side_7,side_8,side_9,operator_1,operator_2,operator_3,operator_4,operator_5,operator_6,operator_7,operator_8,operator_9,win_1,win_2,win_3,win_4,win_5,win_6,win_7,win_8,win_9,kill_1,kill_2,kill_3,kill_4,kill_5,kill_6,kill_7,kill_8,kill_9,death_1,death_2,death_3,death_4,death_5,death_6,death_7,death_8,death_9,mihnea_1,mihnea_2,mihnea_3,mihnea_4,mihnea_5,mihnea_6,mihnea_7,mihnea_8,mihnea_9,kill_m_1,kill_m_2,kill_m_3,kill_m_4,kill_m_5,kill_m_6,kill_m_7,kill_m_8,kill_m_9,death_m_1,death_m_2,death_m_3,death_m_4,death_m_5,death_m_6,death_m_7,death_m_8,death_m_9,date
0,1,4,5,Bank,Dokkaebi,Thatcher,Warden,Clash,1,4,2,1,4,,,,,1,1,1,2,2,,,,,IQ,Twitch,IQ,Rook,Rook,,,,,0,0,0,1,0,,,,,0,0,0,0,0,,,,,1,1,1,1,1,,,,,,,,,,,,,,,,,,,,,,,,,,,,,,,,
0,4,5,9,Kafe,Dokkaebi,Amaru,Caveira,Warden,1,2,4,1,4,2,1,1,4,2,2,2,1,1,1,2,1,2,Rook,Rook,Rook,Twitch,Twitch,nokk,Rook,Twitch,Rook,1,1,1,0,0,0,1,0,0,0,0,0,0,1,0,0,0,0,0,1,1,1,1,1,0,1,1,,,,,,,,,,,,,,,,,,,,,,,,,,,,
0,2,4,6,Kanal,Thatcher,Jackal,Caveira,Clash,1,4,1,4,1,4,,,,2,2,2,1,1,1,,,,Rook,Thorn,Thorn,Twitch,IQ,IQ,,,,0,1,0,1,0,0,,,,0,1,0,0,1,0,,,,1,0,1,1,1,1,,,,,,,,,,,,,,,,,,,,,,,,,,,,,,,
0,0,4,4,Skyscraper,Dokkaebi,Jackal,Warden,Clash,1,2,3,1,,,,,,1,1,1,2,,,,,,Fuze,Fuze,Fuze,Thorn,,,,,,0,0,0,0,,,,,,2,0,1,0,,,,,,1,1,1,1,,,,,,,,,,,,,,,,,,,,,,,,,,,,,,,,,
1,4,2,6,Bank,Fuze,nothing,Warden,nothing,1,4,1,4,1,2,,,,1,1,1,2,2,2,,,,IQ,Grim,Osa,Mute,Bandit,Alibi,,,,1,0,0,1,1,1,,,,2,0,0,1,1,1,,,,0,1,1,1,0,1,,,,,,,,,,,,,,,,,,,,,,,,,,,,,,,
1,4,2,6,Chalet,Fuze,Jackal,Solis,Clash,1,2,3,2,4,1,,,,1,1,1,2,2,2,,,,Osa,nokk,nokk,Thorn,Mute,Mute,,,,0,0,1,1,1,1,,,,0,0,1,1,1,1,,,,1,1,0,0,0,0,,,,,,,,,,,,,,,,,,,,,,,,,,,,,,,
1,4,2,6,Oregon,Fuze,Jackal,Clash,Fenrir,1,1,2,1,4,1,,,,1,1,1,2,2,2,,,,IQ,IQ,IQ,Thorn,Mute,Thorn,,,,1,1,0,0,1,1,,,,0,1,0,0,0,2,,,,1,0,1,1,1,0,,,,Osa,Osa,Osa,Goyo,Mira,Mira,,,,,,,,,,,,,,,,,,,,,,
0,4,5,9,Consulate,Dokkaebi,Jackal,Caveira,Clash,1,4,4,1,4,2,1,1,4,1,1,1,2,2,2,2,1,2,IQ,Ram,Ram,Thorn,Thorn,Thorn,Thorn,Osa,Thorn,0,1,0,1,0,1,1,0,0,1,0,2,1,1,3,0,0,0,1,1,1,1,1,0,1,1,1,Lion,Lion,Lion,Lesion,Kaid,Lesion,Maestro,Ying,Kaid,,,,,,,,,,,,,,,,,,,
1,4,2,6,Club House,Thatcher,Brava,Warden,Fenrir,1,2,4,1,2,4,,,,2,2,2,1,1,1,,,,Thorn,Thorn,Thorn,IQ,IQ,Ram,,,,1,1,1,0,0,1,,,,0,2,2,0,1,0,,,,0,0,0,1,1,0,,,,Frost,Frost,Kaid,Jackal,Ying,Ying,,,,,,,,,,,,,,,,,,,,,,
1,5,4,9,Villa,Jackal,Thatcher,Caveira,Fenrir,1,2,2,1,1,3,1,1,2,2,2,2,1,1,1,2,1,2,Thorn,Thorn,Thorn,Brava,Zofia,Ram,Thorn,Zofia,Thorn,1,0,0,1,1,0,1,0,1,0,0,1,2,2,1,3,0,1,0,1,1,0,0,1,0,1,0,Echo,Maestro,Lesion,Ying,Ying,Ying,Lesion,Ying,Kapkan,,,,,,,,,,,,,,,,,,,
0,1,4,5,Club House,Jackal,Osa,Kapkan,Fenrir,1,2,4,1,2,,,,,1,1,1,2,2,,,,,IQ,IQ,Dokkaebi,Bandit,Echo,,,,,0,0,0,1,0,,,,,1,0,0,1,0,,,,,1,1,1,1,1,,,,,Ying,Ying,Ying,Frost,Kaid,,,,,,,,,,,,,,,,,,,,,,,
1,4,0,4,Nighthaven,Osa,Thatcher,Warden,Caveira,1,4,2,1,,,,,,2,2,2,1,,,,,,Bandit,Thorn,Thorn,IQ,,,,,,1,1,1,1,,,,,,1,1,0,0,,,,,,1,0,1,1,,,,,,Lesion,Frost,Lesion,Grim,,,,,,,,,,,,,,,,,,,,,,,,
0,2,4,6,Skyscraper,Glaz,Jackal,Fenrir,Clash,1,2,3,1,2,3,,,,1,1,1,2,2,2,,,,IQ,Maverick,Maverick,Thorn,Bandit,Thorn,,,,0,0,0,1,1,0,,,,1,0,0,0,2,2,,,,1,1,1,0,0,1,,,,Iana,Grim,Grim,Lesion,Lesion,Lesion,,,,,,,,,,,,,,,,,,,,,,
1,5,4,9,Nighthaven,Osa,Fuze,Warden,Clash,1,2,4,1,2,1,1,1,2,2,2,2,1,1,1,1,2,1,Bandit,Thorn,Bandit,IQ,IQ,IQ,IQ,Bandit,Buck,1,0,1,1,0,0,0,1,1,1,0,0,1,0,0,0,0,1,1,1,1,0,1,1,1,1,1,Tachanka,Solis,Frost,Ying,Ying,Ying,Thermite,Thorn,Ram,,,,,,,,,,,,,,,,,,,
1,4,1,5,Bank,Jackal,Brava,Warden,Clash,4,1,2,4,1,,,,,2,2,2,1,1,1,,,,Mute,Bandit,Alibi,Thatcher,IQ,,,,,1,1,1,0,1,,,,,0,2,0,0,0,,,,,0,1,0,1,1,,,,,Mira,Thorn,Tachanka,Thermite,Grim,,,,,,,,,,,,,,,,,,,,,,,
1,4,1,5,Outback,Jackal,Osa,Caveira,Kapkan,1,1,2,1,1,,,,,2,2,2,1,1,,,,,Thorn,Thorn,Thorn,Maverick,Dokkaebi,,,,,0,1,1,1,1,,,,,0,1,0,1,0,,,,,1,1,0,0,1,,,,,Lesion,Lesion,Lesion,Grim,Grim,,,,,,,,,,,,,,,,,,,,,,,
1,4,1,5,Outback,Dokkaebi,Montagne,Clash,Fenrir,1,2,3,1,2,,,,,1,1,1,2,2,,,,,IQ,IQ,IQ,Thorn,Thorn,,,,,0,1,1,1,1,,,,,0,1,0,1,0,,,,,1,0,1,1,0,,,,,Grim,Fuze,Fuze,Goyo,Lesion,,,,,,,,,,,,,,,,,,,,,,,
1,5,4,9,Kanal,Osa,Thatcher,Caveira,Clash,1,4,3,1,4,2,1,1,1,1,1,1,2,2,2,1,2,1,IQ,Dokkaebi,Dokkaebi,Thorn,Thorn,Thorn,IQ,Thorn,IQ,1,0,0,1,1,0,1,0,1,0,0,0,2,2,1,2,0,0,0,1,1,0,0,1,0,1,0,Iana,Ying,Iana,Fenrir,Lesion,Lesion,Iana,Lesion,Iana,,,,,,,,,,,,,,,,,,,
0,2,4,6,Kafe,Dokkaebi,Jackal,Clash,Solis,1,4,4,1,2,3,,,,2,2,2,1,1,1,,,,Thorn,Thorn,Thorn,IQ,Buck,Osa,,,,1,0,1,0,0,0,,,,0,0,2,0,0,0,,,,0,1,0,1,1,1,,,,Lesion,Maestro,Kaid,Iana,Ying,Ying,,,,,,,,,,,,,,,,,,,,,,
1,4,0,4,Oregon,Fuze,Dokkaebi,Clash,Kaid,1,2,4,1,,,,,,2,2,2,1,,,,,,Thorn,Thorn,Mute,IQ,,,,,,1,1,1,1,,,,,,1,2,0,1,,,,,,0,0,1,0,,,,,,Mira,Lesion,Mira,Amaru,,,,,,,,,,,,,,,,,,,,,,,,
1,4,1,5,Oregon,Fuze,Dokkaebi,Fenrir,Solis,1,2,4,4,1,,,,,1,1,1,2,2,,,,,Jackal,Buck,Osa,Mute,Thorn,,,,,0,1,1,1,1,,,,,1,0,0,1,1,,,,,1,1,1,0,1,,,,,Ying,Iana,Ace,Mira,Lesion,,,,,,,,,,,,,,,,,,,,,,,
1,4,2,6,Club House,Thatcher,Jackal,Kaid,Fenrir,1,2,1,1,2,4,,,,1,1,1,2,2,2,,,,Lion,Lion,Lion,Mute,Thorn,Thorn,,,,1,0,0,1,1,1,,,,0,0,1,1,1,0,,,,1,1,1,1,0,1,,,,Ying,Ying,Iana,Frost,Lesion,Smoke,,,,,,,,,,,,,,,,,,,,,,
1,5,4,9,Nighthaven,Blitz,Dokkaebi,Warden,Caveira,1,1,1,2,1,1,2,1,4,1,1,1,2,2,2,2,1,2,IQ,IQ,IQ,Thorn,Thorn,Thorn,Thorn,IQ,Bandit,1,1,0,1,0,0,1,0,1,0,0,0,1,0,0,0,1,1,1,1,1,1,1,1,1,1,1,Ying,Ying,Ying,Lesion,Kaid,Lesion,Kapkan,Ying,Lesion,,,,,,,,,,,,,,,,,,,
1,4,1,5,Chalet,Thatcher,Jackal,Solis,Caveira,4,4,1,1,1,,,,,2,2,2,1,1,,,,,Mute,Mute,Thorn,IQ,IQ,,,,,0,1,1,1,1,,,,,0,1,1,0,1,,,,,1,1,1,1,0,,,,,Mira,Mira,Lesion,Ying,Ying,,,,,,,,,,,,,,,,,,,,,,,
1,5,4,9,Emerald,Fuze,Jackal,Caveira,Clash,1,4,2,1,4,3,1,1,2,2,2,2,1,1,1,2,1,2,Thorn,Alibi,Alibi,IQ,IQ,IQ,Alibi,IQ,Thorn,1,0,0,1,0,1,1,0,1,0,0,0,0,0,0,1,1,0,1,1,1,1,1,1,0,1,0,,,,,,,,,,,,,,,,,,,,,,,,,,,,
1,5,4,9,Coastline,Fuze,Sledge,Warden,Clash,1,3,2,1,1,2,1,1,2,1,1,1,2,2,2,2,1,2,IQ,Jackal,IQ,Thorn,Thorn,Thorn,Thorn,Jackal,Thorn,0,0,1,0,1,1,1,0,1,0,0,0,1,0,0,0,0,1,1,1,1,1,1,1,1,1,0,,,,,,,,,,,,,,,,,,,,,,,,,,,,
1,4,1,5,Consulate,Dokkaebi,Montagne,Caveira,Fenrir,1,4,3,1,4,,,,,1,1,1,2,2,,,,,IQ,Ram,IQ,Thorn,Thorn,,,,,1,0,1,1,1,,,,,0,0,1,1,1,,,,,0,1,0,0,0,,,,,Ying,Ying,Ying,Lesion,Azami,,,,,,,,,,,,,,,,,,,,,,,
0,4,5,9,Villa,Osa,Jackal,Warden,Clash,1,1,2,1,4,2,1,1,1,2,2,2,1,1,1,1,2,1,Thorn,Thorn,Thorn,Dokkaebi,Buck,IQ,Dokkaebi,Thorn,IQ,0,0,0,1,1,1,1,0,0,1,0,0,0,2,1,1,3,0,1,1,1,1,0,1,0,1,1,Lesion,Echo,Lesion,Ying,Ying,Ying,Ying,Mira,Ying,,,,,,,,,,,,,,,,,,,
1,4,1,5,Club House,Fuze,Thatcher,Warden,nothing,4,1,2,4,1,,,,,1,1,1,2,2,,,,,IQ,IQ,Dokkaebi,Thorn,Thorn,,,,,1,0,1,1,1,,,,,2,1,0,0,0,,,,,0,1,0,0,0,,,,,Ying,Ying,Ying,Kaid,Frost,,,,,,,,,,,,,,,,,,,,,,,
0,0,4,4,Consulate,Jackal,Dokkaebi,Warden,Mira,1,4,2,1,,,,,,1,1,1,2,,,,,,IQ,nokk,IQ,Kapkan,,,,,,0,0,0,0,,,,,,3,0,1,0,,,,,,1,1,1,1,,,,,,Ying,Osa,Iana,Lesion,,,,,,,,,,,,,,,,,,,,,,,,
0,2,4,6,Coastline,Dokkaebi,Jackal,Warden,Mira,1,3,2,1,2,3,,,,1,1,1,2,2,2,,,,Glaz,IQ,nokk,Thorn,Thorn,Thorn,,,,0,0,0,1,1,0,,,,0,0,0,3,0,2,,,,1,1,1,0,1,1,,,,Iana,Ram,Ying,Lesion,Lesion,Lesion,,,,,,,,,,,,,,,,,,,,,,
0,2,4,6,Outback,Jackal,Blitz,Clash,Fenrir,1,1,2,1,2,3,,,,2,2,2,1,1,1,,,,Thorn,Thorn,Thorn,Glaz,Dokkaebi,Fuze,,,,0,1,1,0,0,0,,,,1,1,1,0,1,1,,,,1,0,0,1,1,0,,,,Lesion,Lesion,Lesion,Ying,Ying,Ying,,,,,,,,,,,,,,,,,,,,,,
1,5,3,8,Oregon,Fuze,Osa,Caveira,Fenrir,1,4,2,4,1,2,1,1,,1,1,1,2,2,2,1,2,,IQ,IQ,Dokkaebi,Mute,Thorn,Thorn,Dokkaebi,Thorn,,0,0,0,1,1,1,1,1,,0,0,0,0,0,0,1,1,,1,1,1,1,0,0,0,1,,Ying,Grim,Grim,Mira,Mira,Lesion,Ying,Mira,,,,,,,,,,,,,,,,,,,,
1,4,1,5,Bank,Fuze,Ram,Caveira,Fenrir,3,4,1,4,1,,,,,1,1,1,2,2,,,,,Jackal,IQ,IQ,Mute,Thorn,,,,,1,1,0,1,1,,,,,0,0,0,1,0,,,,,1,1,1,1,1,,,,,Ying,Osa,Grim,Mira,Lesion,,,,,,,,,,,,,,,,,,,,,,,
1,5,3,8,Club House,Thatcher,Jackal,Caveira,Clash,1,2,4,1,2,4,1,2,,2,2,2,1,1,1,2,1,,Mute,Thorn,Thorn,Dokkaebi,Dokkaebi,Fuze,Mute,Dokkaebi,,1,1,0,0,1,0,1,1,,0,2,3,1,0,1,1,1,,0,0,1,1,0,1,0,0,,,,,,,,,,,,,,,,,,,,,,,,,,,,,
0,1,4,5,Oregon,Thatcher,Jackal,Warden,Caveira,1,4,4,1,2,,,,,2,2,2,1,1,,,,,Mute,Mute,Mute,Ash,nokk,,,,,0,0,1,0,0,,,,,0,0,1,0,0,,,,,1,1,1,1,1,,,,,,,,,,,,,,,,,,,,,,,,,,,,,,,,
1,4,1,5,Oregon,Thatcher,Dokkaebi,Fenrir,Caveira,1,4,2,1,1,,,,,2,2,2,1,1,,,,,Thorn,Thorn,Thorn,IQ,IQ,,,,,1,1,0,1,1,,,,,0,0,1,0,0,,,,,1,1,1,1,1,,,,,,,,,,,,,,,,,,,,,,,,,,,,,,,,
0,4,5,9,Oregon,Thatcher,Jackal,Caveira,Fenrir,4,1,4,1,2,4,1,4,4,2,2,2,1,1,1,2,1,2,Mute,Mute,Mute,IQ,Finka,Finka,Mute,Finka,Mute,0,1,1,0,0,1,1,0,0,1,1,0,0,0,1,0,0,0,1,0,1,1,1,1,0,1,1,,,,,,,,,,,,,,,,,,,,,,,,,,,,
0,4,5,9,Bank,Fuze,nothing,Warden,Clash,4,1,2,1,4,2,4,4,1,2,2,2,1,1,1,2,1,2,Mute,Thorn,Mute,IQ,Finka,Finka,Mute,Finka,Thorn,0,1,1,1,0,0,1,0,0,0,1,0,0,0,0,1,0,0,1,1,1,1,1,1,0,1,1,,,,,,,,,,,,,,,,,,,,,,,,,,,,
0,1,4,5,Consulate,Thatcher,Fuze,Caveira,Clash,1,4,4,1,4,,,,,2,2,2,1,1,,,,,Echo,Echo,jager,Thermite,Finka,,,,,1,0,0,0,0,,,,,2,0,0,0,2,,,,,0,1,1,1,1,,,,,,,,,,,,,,,,,,,,,,,,,,,,,,,,
0,2,4,6,Oregon,Thatcher,Jackal,Caveira,Clash,1,4,2,4,1,4,,,,1,1,1,2,2,2,,,,Ying,Finka,Finka,Mute,Thorn,Bandit,,,,0,0,1,0,1,0,,,,2,0,0,2,0,0,,,,1,1,1,1,1,1,,,,,,,,,,,,,,,,,,,,,,,,,,,,,,,
1,5,4,9,Border,Jackal,Dokkaebi,Warden,Fenrir,1,3,2,1,3,2,1,1,1,2,2,2,1,1,1,2,1,2,Thorn,Thorn,Bandit,IQ,Finka,IQ,Thorn,IQ,Thorn,1,1,1,0,0,0,0,1,1,1,0,0,0,2,0,0,0,0,0,0,1,1,1,1,1,1,1,,,,,,,,,,,,,,,,,,,,,,,,,,,,
1,4,1,5,Consulate,Jackal,Thatcher,Warden,mira,1,4,3,1,4,,,,,1,1,1,2,2,,,,,Finka,Finka,Finka,Thorn,Thorn,,,,,0,1,1,1,1,,,,,0,1,0,0,2,,,,,1,1,0,1,0,,,,,,,,,,,,,,,,,,,,,,,,,,,,,,,,
0,1,4,5,Chalet,Thatcher,Dokkaebi,Warden,Caveira,1,4,2,4,1,,,,,1,1,1,2,2,,,,,IQ,IQ,IQ,Mute,Bandit,,,,,0,0,1,0,0,,,,,0,1,0,0,0,,,,,1,1,1,1,1,,,,,Finka,Thermite,Ram,Mira,Fenrir,,,,,,,,,,,,,,,,,,,,,,,
0,2,4,6,Border,Glaz,Jackal,Caveira,Clash,1,3,2,1,3,2,,,,2,2,2,1,1,1,,,,Bandit,Thorn,Thorn,IQ,IQ,IQ,,,,1,1,0,0,0,0,,,,0,1,1,0,0,0,,,,1,1,1,1,1,1,,,,Kapkan,Lesion,Lesion,Ying,Ram,Ram,,,,,,,,,,,,,,,,,,,,,,
0,1,4,5,Border,Thatcher,nothing,Caveira,Clash,1,2,2,1,1,,,,,1,1,1,2,2,,,,,IQ,IQ,IQ,Thorn,Thorn,,,,,0,1,0,0,0,,,,,0,0,0,0,1,,,,,1,0,1,1,1,,,,,,,,,,,,,,,,,,,,,,,,,,,,,,,,
0,2,4,6,Kanal,Fuze,Blitz,Clash,Fenrir,1,4,2,1,1,4,,,,1,1,1,2,2,2,,,,IQ,IQ,IQ,Thorn,Thorn,Thorn,,,,0,0,1,0,1,1,,,,0,0,0,0,0,1,,,,1,1,1,1,1,1,,,,,,,,,,,,,,,,,,,,,,,,,,,,,,,
1,5,4,9,Border,Fuze,Jackal,Warden,Clash,1,1,2,1,2,2,1,1,1,2,2,2,1,1,1,1,2,1,Bandit,Bandit,Thorn,IQ,IQ,IQ,IQ,Bandit,Osa,0,1,1,0,1,0,1,0,1,0,1,2,0,1,0,3,0,0,1,0,0,1,1,1,0,1,0,Echo,Lesion,Smoke,Finka,Buck,Lion,Ying,Lesion,Ying,,,,,,,,,,,,,,,,,,,
1,4,1,5,Villa,Fuze,Jackal,Warden,Fenrir,1,1,4,1,2,,,,,1,1,1,2,2,,,,,IQ,IQ,IQ,Thorn,Thorn,,,,,1,1,0,1,1,,,,,0,0,0,1,0,,,,,1,0,1,0,1,,,,,Finka,Finka,Finka,Echo,Doc,,,,,,,,,,,,,,,,,,,,,,,
0,2,4,6,Skyscraper,Osa,Jackal,Fenrir,nothing,1,2,3,1,2,3,,,,2,2,2,1,1,1,,,,Lesion,Valkyrie,Lesion,Thermite,Thermite,Thermite,,,,1,1,0,0,0,0,,,,0,1,0,0,0,1,,,,0,1,1,1,1,1,,,,,,,,,,,,,,,,,,,,,,,,,,,,,,,
0,2,4,6,Skyscraper,Fuze,Dokkaebi,Warden,Mira,1,2,1,1,1,3,,,,1,1,1,2,2,2,,,,Thermite,Thermite,Thermite,Lesion,Lesion,Lesion,,,,1,0,1,0,0,0,,,,0,0,0,0,0,0,,,,0,1,0,1,1,1,,,,,,,,,,,,,,,,,,,,,,,,,,,,,,,
0,0,4,4,Theme Park,Fuze,Jackal,Caveira,Fenrir,1,2,3,1,,,,,,1,1,1,2,,,,,,Thermite,Thermite,Thermite,Lesion,,,,,,0,0,0,0,,,,,,3,0,2,0,,,,,,1,1,1,1,,,,,,,,,,,,,,,,,,,,,,,,,,,,,,,,,
1,4,0,4,Chalet,Thatcher,Osa,Warden,Fenrir,1,4,2,1,,,,,,2,2,2,1,,,,,,Lesion,Mute,Lesion,Thermite,,,,,,1,1,1,1,,,,,,0,1,2,1,,,,,,0,1,1,1,,,,,,,,,,,,,,,,,,,,,,,,,,,,,,,,,
0,0,4,4,Coastline,Fuze,Jackal,Warden,Fenrir,1,4,2,1,,,,,,1,1,1,2,,,,,,Dokkaebi,Dokkaebi,Dokkaebi,jager,,,,,,0,0,0,0,,,,,,0,0,0,0,,,,,,1,1,1,1,,,,,,,,,,,,,,,,,,,,,,,,,,,,,,,,,
0,0,4,4,Consulate,Jackal,Blitz,Caveira,Clash,1,2,4,1,,,,,,1,1,1,2,,,,,,Dokkaebi,Dokkaebi,Dokkaebi,jager,,,,,,0,0,0,0,,,,,,0,0,0,0,,,,,,1,1,1,1,,,,,,,,,,,,,,,,,,,,,,,,,,,,,,,,,
1,4,2,6,Consulate,Thatcher,Amaru,Fenrir,Kapkan,1,4,2,1,4,2,,,,1,1,1,2,2,2,,,,Nomad,Nomad,Twitch,Alibi,tubarao,Alibi,,,,0,0,1,1,1,1,,,,0,1,0,2,1,1,,,,1,1,0,0,0,1,,,,Jackal,Ying,Ram,Lesion,Kaid,Azami,,,,,,,,,,,,,,,,,,,,,,
0,2,4,6,Kafe,Osa,Dokkaebi,Fenrir,Clash,1,4,4,1,4,2,,,,2,2,2,1,1,1,,,,Alibi,tubarao,Alibi,Twitch,Twitch,nokk,,,,1,0,1,0,0,0,,,,2,1,0,0,0,0,,,,0,1,1,1,1,1,,,,Frost,Kaid,Aruni,Finka,Grim,Ying,,,,,,,,,,,,,,,,,,,,,,
1,4,0,4,Consulate,Blitz,Ash,Clash,Caveira,1,4,1,1,,,,,,1,1,1,2,,,,,,Hibana,Hibana,Hibana,Kapkan,,,,,,1,1,1,1,,,,,,0,1,0,0,,,,,,1,0,1,1,,,,,,Jackal,Ying,Lion,Lesion,,,,,,,,,,,,,,,,,,,,,,,,
0,1,4,5,Bank,Fuze,Ram,Caveira,Clash,1,1,4,4,4,,,,,1,1,1,2,2,,,,,IQ,IQ,nokk,Mute,Mute,,,,,1,0,0,0,0,,,,,0,2,1,0,2,,,,,1,1,1,1,1,,,,,Finka,Osa,,,,,,,,,,,,,,,,,,,,,,,,,,
0,3,5,8,Bank,Montagne,Jackal,Fenrir,Clash,1,4,4,1,1,1,4,4,,2,2,2,1,1,1,2,1,,Castle,Mute,Castle,Maverick,Maverick,Maverick,Castle,Maverick,,1,0,1,1,0,0,0,0,,1,0,0,0,0,1,0,1,,1,1,1,1,1,1,1,0,,Azami,Mira,Mira,Ash,Ash,Thermite,Mira,Ash,,,,,,,,,,,,,,,,,,,,
1,4,2,6,Villa,Thatcher,Jackal,Azami,Fenrir,1,1,2,1,2,4,,,,1,1,1,2,2,2,,,,Maverick,Maverick,Maverick,Thorn,Thorn,Clash,,,,1,0,0,1,1,1,,,,2,0,0,1,2,0,,,,1,1,1,1,1,0,,,,Thermite,Thermite,Thermite,Castle,Castle,Castle,,,,,,,,,,,,,,,,,,,,,,
1,4,2,6,Kafe,Fuze,Brava,Caveira,Fenrir,1,4,2,4,1,1,,,,2,2,2,1,1,1,,,,Thorn,Thorn,Castle,Thermite,Ash,Ash,,,,1,1,0,0,1,1,,,,0,1,0,0,2,3,,,,1,0,1,1,1,0,,,,Castle,Castle,Pulse,Maverick,Finka,Ram,,,,,,,,,,,,,,,,,,,,,,
1,4,2,6,Chalet,Dokkaebi,Blitz,Clash,Fenrir,1,4,1,1,4,1,,,,1,1,1,2,2,2,,,,Ash,Ash,Ash,Thorn,Mute,Castle,,,,1,0,1,0,1,1,,,,0,0,1,0,0,0,,,,0,1,0,1,0,1,,,,Maverick,Maverick,Maverick,Castle,Mira,Lesion,,,,,,,,,,,,,,,,,,,,,,
1,4,2,6,Bank,Fuze,Dokkaebi,Caveira,Smoke,1,1,2,4,1,1,,,,1,1,1,2,2,2,,,,IQ,nokk,nokk,Mute,Thorn,Thorn,,,,1,0,1,1,0,1,,,,0,1,0,0,1,1,,,,1,1,0,0,1,1,,,,Jackal,Ram,Ram,Mira,Echo,Lesion,,,,,,,,,,,,,,,,,,,,,,
0,3,4,7,Consulate,Jackal,Thatcher,Fenrir,Clash,1,4,1,1,4,4,4,4,,2,2,2,1,1,1,1,2,,Thorn,tubarao,Thorn,nokk,nokk,nokk,nokk,tubarao,,0,1,0,1,1,0,0,0,,1,0,0,1,1,1,0,0,,1,0,1,0,0,1,1,1,,Lesion,Kaid,Lesion,Ying,Ram,Ying,Ying,,,,,,,,,,,,,,,,,,,,,
1,4,2,6,Theme Park,Blitz,Dokkaebi,Caveira,Clash,1,3,2,2,3,1,,,,1,1,1,2,2,2,,,,IQ,IQ,IQ,Thorn,Thorn,Castle,,,,1,0,0,1,1,1,,,,1,0,0,0,1,0,,,,1,1,1,1,0,1,,,,Hibana,Hibana,Hibana,Lesion,Lesion,Lesion,,,,,,,,,,,,,,,,,,,,,,
0,2,4,6,Oregon,Fuze,Thatcher,Fenrir,Smoke,1,1,4,1,4,2,,,,2,2,2,1,1,1,,,,Thorn,Thorn,Bandit,IQ,nokk,Ash,,,,0,1,1,0,0,0,,,,1,1,2,0,0,0,,,,1,0,1,1,1,1,,,,Mira,Bandit,Mira,Thermite,Ying,Ram,,,,,,,,,,,,,,,,,,,,,,
0,4,5,9,Consulate,Jackal,Dokkaebi,Fenrir,Clash,1,4,4,1,4,4,1,4,1,1,1,1,2,2,2,2,1,2,Ying,nokk,nokk,Thorn,Thorn,tubarao,Thorn,nokk,Thorn,0,1,0,1,0,1,0,1,0,0,3,0,2,0,0,1,4,0,1,0,1,0,1,1,1,0,1,Finka,Ying,Ying,Lesion,Kaid,Kaid,Lesion,Sledge,Lesion,,,,,,,,,,,,,,,,,,,
0,1,4,5,Oregon,Thatcher,Dokkaebi,Clash,Kapkan,1,4,2,4,1,,,,,1,1,1,2,2,,,,,Twitch,nokk,nokk,Mute,Thorn,,,,,0,0,0,1,0,,,,,0,0,0,0,0,,,,,1,1,1,0,1,,,,,capitao,Ying,Ram,Mira,Mira,,,,,,,,,,,,,,,,,,,,,,,
0,2,4,6,Border,Thatcher,Dokkaebi,Fenrir,Clash,1,2,2,1,4,2,,,,1,1,1,2,2,2,,,,IQ,IQ,IQ,Bandit,Bandit,Bandit,,,,0,1,0,1,0,0,,,,0,1,0,1,0,0,,,,1,1,1,0,1,1,,,,Ying,Ram,Ram,Kapkan,Lesion,Lesion,,,,,,,,,,,,,,,,,,,,,,
1,4,2,6,Kafe,Thatcher,Jackal,Caveira,Fenrir,1,4,2,1,4,1,,,,2,2,2,1,1,1,,,,jager,Thorn,Bandit,IQ,IQ,IQ,,,,1,1,1,0,0,1,,,,0,0,0,0,0,0,,,,1,1,0,1,1,1,,,,Lesion,Kaid,Lesion,Dokkaebi,Ram,Ram,,,,,,,,,,,,,,,,,,,,,,
0,2,4,6,Chalet,Thatcher,Brava,Fenrir,Clash,1,4,2,1,4,1,,,,1,1,1,2,2,2,,,,IQ,Dokkaebi,Dokkaebi,Bandit,Bandit,Bandit,,,,0,0,1,0,1,0,,,,2,1,0,1,0,0,,,,0,1,1,1,1,1,,,,Ying,Ying,Ram,Castle,Mira,Castle,,,,,,,,,,,,,,,,,,,,,,
1,4,1,5,Kafe,Dokkaebi,nothing,Fenrir,Caveira,1,1,4,1,4,,,,,1,1,1,2,2,,,,,IQ,Ash,nokk,Thorn,Thorn,,,,,1,0,1,1,1,,,,,0,0,0,1,0,,,,,1,1,1,0,1,,,,,Amaru,Amaru,Ram,Lesion,Kaid,,,,,,,,,,,,,,,,,,,,,,,
0,3,5,8,Coastline,Ram,Dokkaebi,Kapkan,Fenrir,1,2,3,1,1,3,1,1,,2,2,2,1,1,1,1,2,,Thorn,Thorn,Thorn,nokk,nokk,nokk,nokk,Thorn,,1,0,0,1,0,1,0,0,,3,1,1,0,0,1,0,0,,0,1,1,0,1,0,1,1,,Lesion,Mute,Lesion,Osa,Osa,Ying,Ying,Smoke,,,,,,,,,,,,,,,,,,,,
1,5,4,9,Bank,Fuze,Blitz,Fenrir,clash,4,1,1,1,4,2,4,1,1,2,2,2,1,1,1,2,1,2,Mute,Thorn,Thorn,Dokkaebi,Dokkaebi,IQ,Mute,nokk,Alibi,1,0,1,0,1,0,1,0,1,1,0,0,0,0,0,0,0,0,0,1,1,1,1,1,1,1,1,Mira,Lesion,Lesion,IQ,Ying,Ram,Mira,Osa,Lesion,,,,,,,,,,,,,,,,,,,
0,4,5,9,Bank,Jackal,Ram,Fenrir,Clash,1,4,2,1,4,2,1,1,4,2,2,2,1,1,1,2,1,2,Thorn,Mute,Alibi,nokk,nokk,nokk,Thorn,Finka,Mute,1,1,1,0,0,0,0,1,0,0,0,2,1,1,0,2,0,0,1,0,1,1,1,1,1,0,1,Lesion,Mira,Kapkan,Grim,Ying,Sledge,Lesion,Ying,Mira,,,,,,,,,,,,,,,,,,,
0,1,4,5,Skyscraper,Fuze,Jackal,Caveira,Fenrir,2,1,2,2,1,,,,,2,2,2,1,1,,,,,Thorn,Thorn,Thorn,Thermite,Thermite,,,,,0,0,0,1,0,,,,,0,0,0,0,0,,,,,1,1,1,0,1,,,,,Lesion,Lesion,Kapkan,Gridlock,Gridlock,,,,,,,,,,,,,,,,,,,,,,,
1,4,2,6,Border,Thatcher,Jackal,Caveira,Clash,1,2,1,1,1,2,,,,1,1,1,2,2,2,,,,nokk,nokk,nokk,Thorn,Thorn,Thorn,,,,0,1,1,0,1,1,,,,1,0,1,0,1,2,,,,1,1,0,1,0,0,,,,Ying,Ram,Ram,Vigil,Fenrir,Lesion,,,,,,,,,,,,,,,,,,,,,,
0,1,4,5,Consulate,Thatcher,nothing,Fenrir,Caveira,1,4,2,1,4,,,,,2,2,2,1,1,,,,,Thorn,tubarao,Thorn,nokk,nokk,,,,,0,1,0,0,0,,,,,0,1,0,0,1,,,,,1,0,1,1,1,,,,,Lesion,Kaid,Lesion,Jackal,Ying,,,,,,,,,,,,,,,,,,,,,,,
0,1,4,5,Border,Dokkaebi,nothing,Fenrir,Clash,1,2,4,1,2,,,,,1,1,1,2,2,,,,,Thermite,nokk,nokk,Thorn,Thorn,,,,,0,0,1,0,0,,,,,0,0,0,0,1,,,,,1,1,1,1,1,,,,,Ram,Ram,Ram,Kapkan,Lesion,,,,,,,,,,,,,,,,,,,,,,,
0,2,4,6,Theme Park,Blitz,nothing,Caveira,Clash,1,1,2,1,3,2,,,,1,1,1,2,2,2,,,,IQ,nokk,nokk,Alibi,Alibi,Alibi,,,,1,1,0,0,0,0,,,,1,0,0,0,0,0,,,,0,0,1,1,1,1,,,,Ying,Ying,Hibana,Azami,Azami,Echo,,,,,,,,,,,,,,,,,,,,,,
0,2,4,6,Border,Dokkaebi,Jackal,Fenrir,Caveira,1,2,2,1,2,4,,,,2,2,2,1,1,1,,,,Thorn,Thorn,Thorn,nokk,nokk,Nomad,,,,1,0,0,0,1,0,,,,1,0,0,0,2,3,,,,0,1,1,1,0,1,,,,Kapkan,Lesion,Lesion,Ying,Ram,Ram,,,,,,,,,,,,,,,,,,,,,,
0,1,4,5,Border,Jackal,Dokkaebi,Clash,Fenrir,1,2,3,1,3,,,,,2,2,2,1,1,,,,,Rook,Rook,Rook,Zofia,Zofia,,,,,0,1,0,0,0,,,,,1,0,1,0,1,,,,,1,1,1,1,1,,,,,Doc,Doc,Doc,Ying,Ying,,,,,,,,,,,,,,,,,,,,,,,
1,4,1,5,Kafe,Jackal,Ying,Clash,Mira,4,4,1,1,4,,,,,1,1,1,2,2,,,,,Zofia,Zofia,Zofia,Rook,Rook,,,,,1,0,1,1,1,,,,,0,0,0,1,0,,,,,1,1,0,0,0,,,,,Hibana,Hibana,Hibana,Doc,Kaid,,,,,,,,,,,,,,,,,,,,,,,
0,2,4,6,Coastline,,,,,1,1,3,1,1,3,,,,1,1,1,2,2,2,,,,Gridlock,Gridlock,Ash,Castle,Castle,Castle,,,,1,1,0,0,0,0,,,,1,1,1,0,0,0,,,,0,0,1,1,1,1,,,,Ash,Ash,Gridlock,Pulse,Pulse,Pulse,,,,,,,,,,,,,,,,,,,,,,
1,4,1,5,Club House,,,,,1,1,1,1,1,,,,,1,1,1,2,2,,,,,Ash,Ash,Ash,Castle,Castle,,,,,1,1,1,0,1,,,,,0,0,2,0,4,,,,,1,0,0,1,0,,,,,Gridlock,Gridlock,Gridlock,Frost,Frost,,,,,,,,,,,,,,,,,,,,,,,
1,4,0,4,Theme Park,,,,,1,2,3,1,,,,,,2,2,2,1,,,,,,Castle,Thorn,Castle,Ash,,,,,,1,1,1,1,,,,,,0,2,4,0,,,,,,1,1,0,0,,,,,,Pulse,Pulse,Azami,Thermite,,,,,,,,,,,,,,,,,,,,,,,,
0,2,4,6,Coastline,Dokkaebi,Osa,Fenrir,Clash,1,2,4,1,2,3,,,,2,2,2,1,1,1,,,,Rook,Rook,Ela,nokk,Zofia,Zofia,,,,0,1,0,1,0,0,,,,0,0,0,0,0,0,,,,1,1,1,1,1,1,,,,Doc,Doc,Ram,Ying,Hibana,Ram,,,,,,,,,,,,,,,,,,,,,,
0,4,5,9,Oregon,Thatcher,Jackal,Fenrir,Clash,1,4,2,4,1,2,1,1,4,1,1,1,2,2,2,1,2,1,Zofia,Zofia,Zofia,Mute,Rook,Rook,Zofia,Rook,Thermite,0,0,0,1,1,1,0,1,0,0,0,1,0,0,1,0,0,0,1,1,1,0,0,1,1,0,1,Hibana,Hibana,Ram,Mira,Mira,Lesion,Ying,Mira,Osa,,,,,,,,,,,,,,,,,,,
0,2,4,6,Border,Thatcher,Jackal,Fenrir,Kapkan,1,1,2,1,1,3,,,,1,1,1,2,2,2,,,,Zofia,Zofia,Zofia,Rook,Rook,Thorn,,,,1,0,0,0,1,0,,,,0,0,0,2,1,0,,,,0,1,1,1,1,1,,,,Ying,Ying,Ram,Doc,Doc,Lesion,,,,,,,,,,,,,,,,,,,,,,
0,2,4,6,Kanal,Jackal,Brava,Clash,nothing,1,2,4,1,1,4,,,,1,1,1,2,2,2,,,,Zofia,Zofia,Ram,Thorn,Thorn,Thorn,,,,0,1,0,0,1,0,,,,1,0,2,0,2,0,,,,1,0,1,1,0,1,,,,Ying,Ram,Zofia,Rook,Fenrir,Fenrir,,,,,,,,,,,,,,,,,,,,,,
1,5,4,9,Villa,Dokkaebi,Fuze,Clash,nothing,1,2,4,2,1,4,1,1,2,1,1,1,2,2,2,1,2,1,Jackal,Jackal,Lion,Valkyrie,Valkyrie,Alibi,Lion,Alibi,Lion,0,0,0,1,1,1,0,1,1,0,0,1,0,0,2,1,0,0,1,1,1,0,0,0,1,0,1,Zofia,Zofia,Ying,Frost,Echo,Fenrir,Ying,Echo,Ying,,,,,,,,,,,,,,,,,,,
1,4,2,6,Kafe,,,,,1,2,4,1,4,3,,,,1,1,1,2,2,2,,,,Thermite,Thermite,Jackal,Alibi,Tachanka,Tachanka,,,,0,1,0,1,1,1,,,,1,0,1,0,0,2,,,,1,0,1,0,0,0,,,,Ash,Ash,Ash,Castle,Kaid,Alibi,,,,,,,,,,,,,,,,,,,,,,
0,1,4,5,Consulate,,,,,1,2,3,1,4,,,,,2,2,2,1,1,,,,,Tachanka,Tachanka,Tachanka,Lion,Lion,,,,,1,0,0,0,0,,,,,0,1,0,1,0,,,,,1,1,1,1,1,,,,,Alibi,Alibi,Kaid,Jackal,Jackal,,,,,,,,,,,,,,,,,,,,,,,
0,1,4,5,Lair,,,,,1,1,4,1,4,,,,,2,2,2,1,1,,,,,Tachanka,Tachanka,Tachanka,Thermite,Ram,,,,,0,1,0,0,0,,,,,0,0,1,0,1,,,,,1,1,1,1,1,,,,,Kapkan,Lesion,Lesion,Brava,Grim,,,,,,,,,,,,,,,,,,,,,,,
0,3,5,8,Coastline,Dokkaebi,Jackal,Warden,Clash,1,2,3,1,2,3,1,1,,2,2,2,1,1,1,1,2,,Thorn,Thorn,Thorn,nokk,Ying,Ying,Ying,Thorn,,1,1,0,0,1,1,0,0,,1,2,0,0,0,0,0,1,,0,0,1,1,1,1,1,1,,Lesion,Fenrir,Alibi,Brava,Grim,Ram,Grim,Lesion,,,,,,,,,,,,,,,,,,,,
1,4,0,4,Kafe,Dokkaebi,Jackal,Fenrir,Mira,1,1,4,1,,,,,,1,1,1,2,,,,,,Ying,Ying,Ying,Thunderbird,,,,,,1,1,1,1,,,,,,0,0,0,0,,,,,,1,1,1,0,,,,,,Hibana,Brava,Ram,Alibi,,,,,,,,,,,,,,,,,,,,,,,,
0,3,4,7,Outback,,,,,1,1,1,1,1,2,1,,,1,1,1,0,0,0,1,,,sledge,sledge,sledge,mute,mute,mute,maverick,,,1,1,0,0,1,0,0,0,0,0,2,0,2,2,0,0,,,1,1,1,1,0,1,1,,,maverick,maverick,maverick,smoke,clash,smoke,ying,,,3,2,0,0,1,0,0,,,0,0,1,1,0,1,1,,,
0,1,4,5,Oregon,,,,,1,1,4,1,4,,,,,0,0,0,1,1,,,,,thorn,mute,mute,sledge,sledge,,,,,0,0,1,0,0,0,0,0,0,0,0,1,0,0,,,,,1,1,1,1,1,,,,,mira,mira,mira,capitao,grim,,,,,0,0,0,0,0,,,,,1,1,1,1,1,,,,,
0,3,4,7,Consulate,,,,,1,4,4,1,4,2,1,,,1,1,1,0,0,0,1,,,maverick,maverick,maverick,mute,mute,mute,sledge,,,0,1,0,1,1,0,0,0,0,0,2,0,0,1,2,1,,,1,0,1,0,0,1,1,,,grim,ying,ying,alibi,kaid,lesion,grim,,,0,1,0,0,2,0,0,,,1,0,1,0,0,1,1,,,
0,1,4,5,Oregon,thatcher,jackal,fenrir,kapkan,1,4,4,1,4,,,,,1,1,1,0,0,,,,,sledge,sledge,sledge,thorn,mute,,,,,0,1,0,0,0,0,0,0,0,0,0,0,1,0,,,,,1,1,1,1,1,,,,,grim,maverick,maverick,mira,mira,,,,,0,0,0,0,0,,,,,0,0,0,0,0,,,,,
1,5,4,9,Skyscraper,jackal,dokkaebi,fenrir,clash,1,2,3,1,2,2,1,1,2,1,1,1,0,0,0,1,0,1,maverick,maverick,maverick,thorn,tachanka,tachanka,maverick,maestro,maverick,0,0,1,1,0,1,1,0,1,0,0,1,0,0,1,1,0,0,1,1,0,0,1,0,0,1,0,thatcher,sledge,sledge,frost,lesion,lesion,ying,frost,ying,0,0,0,3,2,0,2,1,3,0,0,0,0,0,0,0,1,0,
1,4,1,5,Chalet,kali,osa,fenrir,clash,1,1,3,4,1,,,,,1,1,1,2,2,,,,,sledge,finka,ram,mute,thorn,,,,,1,1,1,0,1,,,,,0,1,1,1,0,,,,,1,1,1,1,1,,,,,maverick,grim,fuze,mira,castle,,,,,1,0,2,0,2,,,,,0,0,0,1,0,,,,,
1,4,2,6,Outback,blitz,jackal,caveira,clash,1,1,1,1,1,2,,,,1,1,1,2,2,2,,,,finka,finka,finka,maestro,maestro,alibi,,,,1,1,0,0,1,1,,,,0,1,0,0,0,0,,,,1,1,1,1,0,1,,,,maverick,maverick,maverick,lesion,fenrir,mute,,,,1,2,1,0,2,2,,,,0,0,1,1,0,1,,,,
1,4,1,5,Nighthaven,thatcher,dokkaebi,caveira,nothing,1,4,4,1,4,,,,,1,1,1,2,2,,,,,finka,finka,finka,maestro,ela,,,,,0,1,1,1,1,,,,,0,0,0,2,0,,,,,1,1,0,0,1,,,,,grim,ying,ying,lesion,fenrir,,,,,0,2,1,2,1,,,,,1,0,1,1,1,,,,,
0,3,5,8,Skyscraper,blitz,nothing,fenrir,nothing,1,1,4,1,2,4,1,1,,2,2,2,1,1,1,1,2,,mute,echo,thorn,sledge,osa,ram,sledge,thorn,,0,1,1,0,0,1,0,0,,0,0,0,0,0,1,2,1,,1,0,1,1,1,0,1,1,,frost,frost,kapkan,ying,ying,ying,ying,frost,,2,3,1,1,2,0,0,3,,1,0,1,1,1,1,1,1,,
1,4,1,5,Club House,,,,,1,2,1,1,2,,,,,1,1,1,2,2,,,,,Thermite,iq,Thermite,thorn,thorn,,,,,1,0,1,1,1,,,,,3,1,0,0,0,,,,,0,1,0,1,0,,,,,sens,thatcher,osa,mute,kaid,,,,,0,0,0,0,1,,,,,1,1,1,1,0,,,,,
0,1,4,5,Lair,jackal,fuze,caveira,clash,1,4,4,1,2,,,,,2,2,2,1,1,,,,,thorn,thorn,maestro,nokk,thermite,,,,,1,0,0,0,0,,,,,0,0,0,0,0,,,,,1,1,1,0,1,,,,,lesion,pulse,mute,sledge,sledge,,,,,2,1,0,0,0,,,,,0,1,1,1,1,,,,,
0,0,4,4,Theme Park,blitz,dokkaebi,clash,fenrir,1,2,4,1,,,,,,1,1,1,2,,,,,,ash,ash,ash,alibi,,,,,,0,0,0,0,,,,,,1,1,1,0,,,,,,1,1,1,1,,,,,,ying,ying,ram,azami,,,,,,2,0,2,1,,,,,,1,1,0,1,,,,,,
0,1,4,5,Skyscraper,,,,,1,2,4,1,2,,,,,1,1,1,2,2,,,,,dokkaebi,dokkaebi,dokkaebi,vigil,vigil,,,,,0,0,1,0,0,,,,,0,0,0,0,0,,,,,1,1,1,1,1,,,,,ace,jackal,jackal,frost,oryx,,,,,0,1,0,0,0,,,,,1,1,1,1,1,,,,,
1,4,3,7,Consulate,,,,,1,4,2,1,4,2,1,,,1,1,1,2,2,2,1,,,dokkaebi,dokkaebi,ash,vigil,vigil,vigil,ash,,,0,0,0,1,1,1,1,,,0,1,0,0,0,1,0,,,0,1,1,0,1,0,0,,,amaru,ying,ram,fenrir,lesion,lesion,amaru,,,0,0,0,0,3,1,0,,,0,1,1,1,0,0,1,,,
0,2,4,6,Club House,,,,,2,4,1,2,1,1,,,,1,1,1,2,2,2,,,,brava,ash,ash,castle,castle,castle,,,,1,1,0,0,0,0,,,,1,0,0,1,1,0,,,,0,1,1,1,1,1,,,,amaru,ace,ace,mute,mute,frost,,,,1,1,0,0,1,1,,,,0,0,1,1,1,1,,,,
1,4,1,5,Lair,,,,,1,1,4,1,2,,,,,1,1,1,2,2,,,,,ash,ash,ash,castle,castle,,,,,1,0,1,1,1,,,,,0,0,0,0,0,,,,,0,1,1,1,1,,,,,grim,grim,brava,kaid,kaid,,,,,0,0,0,1,5,,,,,0,1,1,0,0,,,,,
0,2,4,6,Kanal,,,,,1,2,4,1,4,2,,,,1,1,1,2,2,2,,,,thermite,ash,ash,castle,castle,castle,,,,0,0,0,1,1,0,,,,0,0,2,0,1,0,,,,1,1,0,1,1,1,,,,amaru,ram,ram,fenrir,kapkan,lesion,,,,0,2,1,2,1,0,,,,1,1,0,0,0,1,,,,
1,4,2,6,Theme Park,,,,,3,1,2,2,1,4,,,,2,2,2,1,1,1,,,,alibi,alibi,alibi,jackal,jackal,jackal,,,,1,1,1,0,0,1,,,,0,0,2,0,1,2,,,,0,0,0,1,1,0,,,,,kapkan,kapkan,ying,ying,ram,,,,0,3,2,0,1,0,,,,0,0,0,1,1,1,,,,
1,4,0,4,Skyscraper,,,,,2,1,3,1,,,,,,1,1,1,2,,,,,,amaru,amaru,amaru,kapkan,,,,,,1,1,1,1,,,,,,1,0,0,1,,,,,,0,1,1,0,,,,,,dokkaebi,dokkaebi,dokkaebi,vigil,,,,,,0,0,1,2,,,,,,1,1,1,0,,,,,,
1,4,1,5,Border,,,,,1,2,3,1,2,,,,,2,2,2,1,1,,,,,kapkan,ela,ela,amaru,amaru,,,,,1,1,1,0,1,,,,,1,0,0,0,0,,,,,0,1,0,1,0,,,,,castle,castle,pulse,ash,ash,,,,,0,2,1,3,3,,,,,1,0,0,0,0,,,,,
1,4,0,4,Nighthaven,,,,,1,2,4,1,,,,,,2,2,2,1,,,,,,ela,ela,ela,amaru,,,,,,1,1,1,1,,,,,,1,1,0,0,,,,,,0,1,0,1,,,,,,castle,pulse,castle,ash,,,,,,0,1,0,1,,,,,,0,1,1,1,,,,,,
1,4,3,7,Consulate,,,,,1,4,2,1,4,4,1,,,2,2,2,1,1,1,2,,,lesion,lesion,lesion,amaru,amaru,amaru,lesion,,,1,0,1,0,0,1,1,,,0,0,0,0,1,0,1,,,1,1,1,1,0,1,1,,,thorn,ela,fenrir,grim,gridlock,lion,alibi,,,0,1,2,1,0,0,0,,,1,1,0,1,1,1,1,,,
1,4,0,4,Villa,,,,,1,2,3,1,,,,,,2,2,2,1,,,,,,echo,echo,thunderbird,amaru,,,,,,1,1,1,1,,,,,,0,0,0,1,,,,,,1,1,1,0,,,,,,lesion,frost,echo,finka,,,,,,4,0,0,1,,,,,,0,1,1,0,,,,,,
1,4,2,6,Border,,,,,1,2,2,1,1,2,,,,2,2,2,1,1,1,,,,kapkan,kapkan,kapkan,ash,ash,jackal,,,,1,0,1,1,0,1,,,,1,0,2,0,1,0,,,,0,1,0,0,1,1,,,,doc,castle,lesion,amaru,amaru,ram,,,,0,3,3,1,0,3,,,,0,0,0,0,1,0,,,,
1,4,1,5,Border,,,,,1,2,3,1,1,,,,,2,2,2,1,1,,,,,lesion,lesion,lesion,jackal,jackal,,,,,1,0,1,1,1,,,,,0,0,1,0,0,,,,,0,1,0,1,1,,,,,kapkan,alibi,maestro,osa,osa,,,,,0,1,0,2,0,,,,,0,1,0,0,1,,,,,
0,2,4,6,Club House,,,,,1,2,4,1,2,2,,,,1,1,1,2,2,2,,,,thermite,thermite,thermite,mute,kaid,kaid,,,,1,0,0,1,0,0,,,,1,0,0,0,0,0,,,,1,1,1,1,1,1,,,,amaru,amaru,ram,frost,lesion,lesion,,,,4,0,0,1,1,0,,,,0,1,1,1,1,1,,,,
1,4,3,7,Bank,,,,,2,4,1,4,1,1,2,,,1,1,1,2,2,2,1,,,nokk,nokk,nokk,mute,thorn,kaid,nokk,,,0,1,1,0,0,1,1,,,0,0,1,0,0,0,0,,,1,1,1,1,1,1,1,,,ying,ying,amaru,mira,lesion,maestro,ram,,,0,1,0,1,0,1,0,,,1,0,1,0,1,0,1,,,
1,4,0,4,Skyscraper,,,,,2,1,3,1,,,,,,2,2,2,1,,,,,,maestro,maestro,maestro,gridlock,,,,,,1,1,1,1,,,,,,0,0,0,0,,,,,,1,0,0,0,,,,,,frost,frost,kapkan,fuze,,,,,,4,1,0,2,,,,,,0,0,0,0,,,,,,
0,3,4,7,Nighthaven,,,,,1,1,4,1,4,4,1,,,2,2,2,1,1,1,2,,,,kapkan,kapkan,gridlock,gridlock,gridlock,tachanka,,,0,0,0,1,1,1,0,,,0,0,1,1,1,0,0,,,1,1,1,0,1,1,1,,,mozzie,tachanka,tachanka,fuze,fuze,fuze,castle,,,1,0,0,0,1,1,2,,,1,1,1,1,0,0,1,,,
1,4,2,6,Border,,,,,1,1,3,1,2,3,,,,1,1,1,2,2,2,,,,iq,iq,iq,thorn,mute,mute,,,,1,1,0,1,0,1,,,,0,0,1,0,1,1,,,,1,1,1,1,1,1,,,,maverick,maverick,ram,kapkan,alibi,alibi,,,,0,1,0,4,1,2,,,,0,0,1,0,1,0,,,,
1,4,1,5,Consulate,,,,,1,4,2,1,4,,,,,2,2,2,1,1,,,,,thorn,tubarao,melusi,hibana,hibana,,,,,1,1,1,0,1,,,,,1,0,0,0,0,,,,,0,1,0,0,1,,,,,lesion,kaid,alibi,grim,ying,,,,,1,2,1,0,4,,,,,1,0,1,0,0,,,,,
1,4,3,7,Club House,,,,,1,1,2,1,2,4,1,,,1,1,1,2,2,2,2,,,iana,iana,hibana,mute,rook,thorn,thunderbird,,,1,0,0,1,0,1,1,,,1,0,0,0,1,0,1,,,0,1,1,1,1,1,1,,,ying,amaru,maverick,frost,kaid,kaid,frost,,,2,1,0,0,0,0,1,,,1,1,1,1,1,0,1,,,
1,4,1,5,Bank,,,,,1,1,4,1,4,,,,,1,1,1,2,2,,,,,ash,ash,hibana,thorn,mute,,,,,1,1,0,1,1,,,,,2,0,0,0,0,,,,,1,1,1,0,0,,,,,amaru,ying,jackal,lesion,mira,,,,,3,0,0,0,1,,,,,0,1,1,0,0,,,,,
0,2,4,6,Theme Park,,,,,1,1,2,3,1,2,,,,2,2,2,1,1,1,,,,alibi,alibi,alibi,grim,brava,finka,,,,0,1,1,0,0,0,,,,1,0,0,0,1,0,,,,1,0,0,1,1,1,,,,kaid,kaid,kaid,sens,grim,sens,,,,0,0,0,0,1,1,,,,1,1,0,1,1,1,,,,
1,4,2,6,Chalet,,,,,4,1,2,1,4,4,,,,2,2,2,1,1,1,,,,mute,thorn,alibi,lion,lion,lion,,,,0,1,1,0,1,1,,,,0,0,1,0,0,0,,,,1,1,0,1,1,1,,,,mira,lesion,castle,ying,ace,ace,,,,0,0,0,1,1,0,,,,1,1,1,1,1,0,,,,
0,0,4,4,Lair,,,,,2,1,4,1,,,,,,2,2,2,1,,,,,,alibi,alibi,alibi,ash,,,,,,0,0,0,0,,,,,,0,0,0,0,,,,,,1,1,1,1,,,,,,goyo,goyo,thunderbird,iana,,,,,,0,0,0,0,,,,,,1,1,1,1,,,,,,
0,0,4,4,Emerald,,,,,1,2,4,1,,,,,,1,1,1,2,,,,,,ash,buck,maverick,melusi,,,,,,0,0,0,0,,,,,,0,0,1,0,,,,,,1,1,1,1,,,,,,amaru,brava,jackal,tachanka,,,,,,0,0,0,0,,,,,,1,1,1,1,,,,,,
0,4,3,6,Club House,,,,,1,4,2,1,2,4,1,,,1,1,1,2,2,2,1,,,thatcher,ash,iana,thorn,lesion,lesion,ash,,,0,0,0,1,1,1,1,,,1,0,0,0,0,1,0,,,1,1,1,1,0,1,0,,,thermite,iana,ash,lesion,azami,azami,iana,,,0,2,2,2,3,1,0,,,1,1,1,1,0,1,0,,,
0,2,4,6,Kanal,,,,,1,4,2,1,4,4,,,,2,2,2,1,1,1,,,,alibi,mute,mute,blackbeard,ram,fuze,,,,0,0,1,0,1,0,,,,0,0,0,0,0,0,,,,1,1,1,1,1,1,,,,wamai,kapkan,frost,thermite,nomad,nokk,,,,0,0,2,0,2,1,,,,1,1,0,1,0,1,,,,
1,4,2,6,Theme Park,,,,,1,2,2,1,3,1,,,,1,1,1,2,2,2,,,,ash,maverick,brava,thorn,azami,tubarao,,,,0,1,1,0,1,1,,,,2,0,1,3,2,1,,,,1,1,0,0,0,0,,,,amaru,glaz,twitch,lesion,alibi,maestro,,,,0,0,1,0,0,1,,,,1,0,1,1,0,0,,,,
1,4,2,6,Chalet,,,,,1,4,2,4,1,2,,,,2,2,2,1,1,1,,,,wamai,mira,kapkan,ying,amaru,amaru,,,,1,1,1,0,0,1,,,,0,1,0,0,0,5,,,,1,1,0,1,1,0,,,,aruni,tachanka,lesion,hibana,zero,zero,,,,1,0,1,0,1,0,,,,0,1,0,1,1,1,,,,
1,4,0,4,Coastline,,,,,1,1,3,1,,,,,,1,1,1,2,,,,,,jackal,ram,fuze,thorn,,,,,,1,1,1,1,,,,,,0,0,1,0,,,,,,1,1,0,1,,,,,,flores,fuze,ram,castle,,,,,,2,1,1,2,,,,,,0,0,1,0,,,,,,
0,1,4,5,Border,,,,,1,2,2,1,3,,,,,2,2,2,1,1,,,,,kapkan,lesion,rook,amaru,jackal,,,,,1,0,0,0,0,,,,,2,0,0,0,0,,,,,0,1,1,1,1,,,,,wamai,kapkan,tachanka,hibana,nomad,,,,,0,3,0,1,1,,,,,1,1,1,1,1,,,,,
1,4,0,4,Consulate,,,,,1,2,3,1,,,,,,2,2,2,1,,,,,,valkyrie,valkyrie,azami,iana,,,,,,1,1,1,1,,,,,,0,1,1,0,,,,,,1,0,0,0,,,,,,frost,frost,alibi,sledge,,,,,,0,1,0,1,,,,,,1,1,0,0,,,,,,
0,1,4,5,Villa,,,,,1,2,3,1,2,,,,,1,1,1,2,2,,,,,osa,zofia,finka,echo,thunderbird,,,,,0,0,0,1,0,,,,,0,1,0,1,1,,,,,1,1,1,0,1,,,,,finka,gridlock,sledge,alibi,echo,,,,,0,1,2,2,1,,,,,1,0,1,1,1,,,,,
0,1,4,5,Border,,,,,1,1,2,1,1,,,,,1,1,1,2,2,,,,,osa,thermite,blitz,bandit,castle,,,,,1,0,0,0,0,,,,,0,0,0,1,1,,,,,1,1,1,1,1,,,,,buck,montagne,fuze,wamai,kaid,,,,,3,1,0,1,0,,,,,1,1,1,1,1,,,,,
0,0,4,4,Lair,,,,,1,1,1,1,,,,,,2,2,2,1,,,,,,warden,doc,jager,fuze,,,,,,0,0,0,0,,,,,,1,1,0,0,,,,,,1,1,1,1,,,,,,kapkan,mute,kapkan,iq,,,,,,1,0,0,0,,,,,,1,1,1,1,,,,,,
0,1,4,5,Emerald,,,,,1,4,4,1,2,,,,,2,2,2,1,1,,,,,lesion,azami,kapkan,gridlock,jackal,,,,,0,0,1,0,0,,,,,0,0,3,1,2,,,,,1,1,0,1,1,,,,,pulse,aruni,caveira,dokkaebi,fuze,,,,,0,1,1,1,0,,,,,1,1,1,1,1,,,,,
0,3,4,7,Nighthaven,,,,,1,4,4,1,4,4,2,,,2,2,2,1,1,1,1,,,frost,jager,thorn,lion,maverick,flores,brava,,,1,0,1,0,1,0,0,,,3,0,2,1,0,0,0,,,1,1,0,1,0,1,1,,,clash,pulse,echo,dokkaebi,zofia,thermite,blitz,,,0,1,1,0,1,0,2,,,0,1,0,1,0,1,1,,,
0,0,4,4,Coastline,,,,,1,2,3,2,,,,,,1,1,1,2,,,,,,ying,capitao,ying,bandit,,,,,,0,0,0,0,,,,,,1,0,0,0,,,,,,1,1,1,1,,,,,,finka,fuze,capitao,lesion,,,,,,0,1,2,1,,,,,,1,1,1,1,,,,,,
1,4,2,6,Lair,,,,,1,1,1,1,2,1,,,,1,1,1,2,2,2,,,,zero,sledge,buck,mute,vigil,frost,,,,1,1,0,0,1,1,,,,2,1,2,0,0,1,,,,0,1,1,1,1,1,,,,thermite,zero,jackal,jager,azami,rook,,,,0,1,0,0,0,0,,,,1,0,1,1,0,0,,,,
1,4,3,7,Consulate,,,,,4,2,1,1,4,2,1,,,1,1,1,2,2,2,1,,,gridlock,brava,blitz,caveira,solis,mozzie,jackal,,,0,0,0,1,1,1,1,,,0,1,0,0,0,2,0,,,1,1,1,1,1,0,1,,,kali,maverick,thatcher,tubarao,vigil,alibi,ying,,,2,0,1,0,2,2,1,,,1,1,1,1,0,0,1,,,
0,2,4,6,Emerald,,,,,1,2,2,1,2,1,,,,2,2,2,1,1,1,,,,caveira,frost,thorn,flores,maverick,twitch,,,,1,0,0,1,0,0,,,,0,0,0,0,0,1,,,,1,1,1,1,1,1,,,,alibi,bandit,kapkan,ram,,zero,,,,2,2,0,0,1,1,,,,1,1,1,1,1,1,,,,
1,4,1,5,Oregon,,,,,1,4,3,1,1,,,,,2,2,2,1,1,,,,,ela,tachanka,tachanka,brava,capitao,,,,,1,1,0,1,1,,,,,0,0,0,1,1,,,,,1,0,1,0,0,,,,,bandit,alibi,jager,sledge,iana,,,,,1,1,0,0,3,,,,,0,0,1,1,0,,,,,
1,4,2,6,Nighthaven,,,,,1,2,4,1,2,4,,,,1,1,1,2,2,2,,,,lion,lion,lion,mute,bandit,bandit,,,,0,1,0,1,1,1,,,,0,1,0,1,3,0,,,,1,0,1,0,0,0,,,,deimos,deimos,deimos,lesion,frost,thorn,,,,0,1,0,2,2,1,,,,1,0,1,1,0,0,,,,
0,3,5,8,Theme Park,fuze,jackal,fenrir,clash,1,2,3,1,2,4,1,1,,1,1,1,2,2,2,1,2,,ying,ash,lion,thorn,valkyrie,valkyrie,amaru,thorn,,0,1,0,1,1,0,0,0,,0,0,2,0,0,1,0,0,,1,1,1,1,0,1,1,1,,deimos,ying,ram,azami,alibi,mute,ying,alibi,,0,2,0,2,3,1,2,0,,1,0,1,0,0,1,1,1,,
1,4,0,4,Theme Park,,,,,1,2,2,3,,,,,,1,1,1,2,,,,,,amaru,lion,ash,thorn,,,,,,1,1,1,1,,,,,,0,1,0,1,,,,,,0,1,1,0,,,,,,deimos,deimos,ying,alibi,,,,,,0,0,3,1,,,,,,0,1,0,1,,,,,,
0,2,4,6,Kafe,,,,,1,2,3,1,4,2,,,,1,1,1,2,2,2,,,,ash,thermite,ash,caveira,caveira,caveira,,,,0,0,0,1,1,0,,,,0,1,0,1,0,0,,,,1,1,1,0,1,1,,,,deimos,ram,fuze,tubarao,kaid,lesion,,,,0,0,0,0,3,0,,,,1,1,1,0,0,1,,,,
1,4,2,6,Oregon,fuze,dokkaebi,fenrir,clash,1,2,4,1,4,2,,,,1,1,1,2,2,2,,,,ash,ash,thermite,mute,caveira,caveira,,,,0,0,1,1,1,1,,,,1,1,1,0,0,0,,,,1,1,0,1,0,0,,,,ying,ram,ying,mira,mira,alibi,,,,0,0,3,1,0,0,,,,1,1,0,0,0,0,,,,
0,4,5,9,Club House,thatcher,jackal,goyo,fenrir,1,2,4,1,2,2,1,1,4,1,1,1,2,2,2,2,1,2,finka,thermite,thermite,thorn,thorn,thorn,thorn,finka,thorn,0,1,0,1,0,1,1,0,0,0,0,1,0,1,2,0,0,0,1,1,1,1,1,1,1,1,1,ying,ying,ying,frost,kaid,kaid,frost,ying,kaid,0,2,1,0,0,1,1,0,1,1,0,1,1,1,1,1,1,1,
0,2,4,6,Chalet,dokkaebi,jackal,caveira,oryx,4,1,4,1,4,2,,,,2,2,2,1,1,1,,,,mute,thorn,mute,lion,lion,lion,,,,0,1,1,0,0,0,,,,0,4,1,0,0,1,,,,1,0,0,1,1,1,,,,mira,castle,mira,grim,fuze,ying,,,,1,0,2,2,0,0,,,,1,1,0,1,1,1,,,,
1,4,1,5,Coastline,blitz,dokkaebi,caveira,fenrir,1,2,3,1,2,,,,,2,2,2,1,1,,,,,thorn,thorn,thorn,lion,lion,,,,,1,1,1,0,1,,,,,0,0,0,1,0,,,,,1,0,1,1,0,,,,,frost,alibi,lesion,ying,amaru,,,,,2,2,0,0,0,,,,,0,0,1,1,1,,,,,
0,1,4,5,Oregon,blitz,dokkaebi,fenrir,clash,1,4,1,4,1,,,,,1,1,1,2,2,,,,,lion,lion,lion,mute,thorn,,,,,1,0,0,0,0,,,,,1,1,0,0,0,,,,,0,1,1,1,1,,,,,deimos,ying,deimos,mira,mira,,,,,1,0,0,0,0,,,,,1,1,1,1,1,,,,,
1,4,2,6,Oregon,blitz,jackal,fenrir,solis,1,4,2,1,4,2,,,,1,1,1,2,2,2,,,,lion,finka,lion,thorn,mute,thorn,,,,0,0,1,1,1,1,,,,0,0,0,1,0,0,,,,1,1,1,0,0,0,,,,deimos,ying,ram,lesion,mira,alibi,,,,0,2,1,1,0,0,,,,1,1,0,1,1,0,,,,
1,5,4,9,Chalet,thatcher,nothing,fenrir,clash,1,4,4,4,1,4,1,1,4,2,2,2,1,1,1,2,1,2,thorn,mute,mute,finka,iq,iq,thorn,iq,mute,0,0,1,1,0,1,1,0,1,0,0,0,0,0,0,0,1,1,1,1,1,0,1,1,0,1,0,castle,mira,mira,ying,ying,fuze,castle,ying,mira,0,2,1,0,0,2,1,0,1,1,1,0,1,1,0,1,1,0,
1,4,2,6,Nighthaven,jackal,iana,caveira,fenrir,1,2,4,1,1,4,,,,2,2,2,1,1,1,,,,bandit,thorn,bandit,iq,iq,iq,,,,1,0,1,1,0,1,,,,0,1,0,0,2,1,,,,0,0,1,0,1,0,,,,lesion,alibi,echo,lion,finka,ying,,,,2,0,1,3,0,0,,,,0,1,0,0,1,1,,,,
1,4,2,6,Coastline,dokkaebi,capitao,caveira,aruni,1,2,3,1,1,2,,,,2,2,2,1,1,1,,,,thorn,thorn,thorn,jackal,sledge,nokk,,,,1,1,0,1,0,1,,,,0,0,0,0,0,0,,,,1,0,1,0,1,0,,,,lesion,melusi,alibi,ying,lion,lion,,,,3,3,0,0,0,1,,,,0,1,1,1,1,0,,,,
1,4,0,4,Kanal,thatcher,osa,fenrir,solis,1,4,2,1,,,,,,2,2,2,1,,,,,,thorn,thorn,thorn,sledge,,,,,,1,1,1,1,,,,,,0,2,0,0,,,,,,0,0,0,0,,,,,,melusi,kapkan,alibi,grim,,,,,,1,1,2,2,,,,,,0,1,0,0,,,,,,
0,3,5,8,Chalet,blitz,dokkaebi,caveira,clash,4,1,1,4,1,4,4,4,,2,2,2,1,1,1,2,1,,thorn,thorn,mute,sledge,sledge,sledge,mute,sledge,,1,0,1,1,0,0,0,0,,1,1,2,0,1,0,0,0,,0,1,0,0,1,1,1,1,,mira,castle,castle,fuze,lion,fuze,mira,fuze,,0,0,2,2,0,0,0,0,,0,1,0,0,1,1,1,1,,
0,2,4,6,Border,thatcher,jackal,fenrir,kapkan,1,3,2,1,1,4,,,,2,2,2,1,1,1,,,,thorn,thorn,thorn,sledge,sledge,sledge,,,,1,0,0,1,0,0,,,,1,0,0,0,1,0,,,,1,1,1,1,1,1,,,,kaid,lesion,lesion,ying,ying,ram,,,,1,0,1,1,0,0,,,,0,1,1,0,1,1,,,,
1,4,2,6,Outback,blitz,montagne,fenrir,clash,1,1,2,1,2,3,,,,1,1,1,2,2,2,,,,sledge,sledge,sledge,thorn,thorn,thorn,,,,1,0,0,1,1,1,,,,0,0,0,0,3,3,,,,1,1,1,1,0,0,,,,maverick,maverick,lion,frost,frost,alibi,,,,0,0,0,2,0,0,,,,0,1,1,0,1,1,,,,
1,4,2,6,Club House,thatcher,blitz,caveira,clash,2,1,2,1,2,4,,,,1,1,1,2,2,2,,,,sledge,sledge,sledge,mute,thorn,thorn,,,,1,0,0,1,1,1,,,,0,0,1,0,0,0,,,,0,1,1,0,0,1,,,,fuze,ying,fuze,frost,kaid,kaid,,,,1,0,0,1,0,1,,,,0,1,1,0,0,0,,,,
1,4,0,4,Coastline,,,,,1,2,3,1,,,,,,2,2,2,1,,,,,,thorn,thorn,thorn,ash,,,,,,1,1,1,1,,,,,,2,1,1,2,,,,,,1,0,1,0,,,,,,azami,azami,azami,jackal,,,,,,0,1,1,2,,,,,,1,1,0,0,,,,,,
1,4,2,6,Coastline,,,,,1,1,2,1,2,3,,,,1,1,1,2,2,2,,,,ash,ash,ash,thorn,thorn,thorn,,,,1,0,0,1,1,1,,,,0,0,0,1,3,2,,,,1,1,0,0,0,0,,,,jackal,jackal,jackal,alibi,alibi,alibi,,,,2,1,1,1,1,0,,,,0,0,1,1,1,1,,,,
1,5,3,8,Outback,blitz,deimos,fenrir,clash,1,2,3,1,1,2,1,1,,1,1,1,2,2,2,2,1,,ash,sledge,buck,maestro,maestro,maestro,kapkan,fuze,,0,0,1,0,1,1,1,1,,1,0,1,0,1,1,1,2,,1,1,0,1,0,0,0,0,,maverick,lion,ram,frost,lesion,kaid,alibi,jackal,,0,0,0,0,1,2,1,1,,1,1,0,1,1,1,0,1,,
0,0,4,4,Border,,,,,1,2,4,1,,,,,,1,1,1,2,,,,,,fuze,fuze,fuze,kapkan,,,,,,0,0,0,0,,,,,,0,0,0,1,,,,,,1,1,1,1,,,,,,glaz,glaz,glaz,tachanka,,,,,,1,1,1,0,,,,,,1,1,1,1,,,,,,
0,1,4,5,Theme Park,,,,,1,2,3,1,2,,,,,1,1,1,2,2,,,,,ash,finka,fuze,kapkan,kapkan,,,,,0,0,0,1,0,,,,,0,1,0,1,1,,,,,1,1,1,0,1,,,,,glaz,jackal,jackal,maestro,maestro,,,,,2,0,3,0,1,,,,,1,1,1,0,1,,,,,
0,0,4,4,Border,,,,,1,2,3,1,,,,,,1,1,1,2,,,,,,ash,ash,buck,kapkan,,,,,,0,0,0,0,,,,,,0,1,2,0,,,,,,1,1,1,1,,,,,,glaz,ram,lion,melusi,,,,,,1,0,0,0,,,,,,1,1,1,1,,,,,,
0,1,4,5,Villa,,,,,1,2,3,1,1,,,,,1,1,1,2,2,,,,,fuze,glaz,fuze,kapkan,kapkan,,,,,0,0,1,0,0,,,,,0,1,1,0,0,,,,,1,1,1,1,1,,,,,glaz,fuze,lion,tachanka,maestro,,,,,0,0,2,0,0,,,,,1,1,0,1,1,,,,,
1,4,3,7,Emerald,,,,,1,2,4,1,1,4,1,,,1,1,1,2,2,2,2,,,glaz,glaz,glaz,thorn,thorn,alibi,alibi,,,0,1,1,0,0,1,1,,,0,2,1,0,0,0,0,,,1,0,0,1,1,0,0,,,fuze,fuze,fuze,kapkan,kapkan,kapkan,kapkan,,,1,2,1,2,1,2,1,,,1,0,0,1,1,0,1,,,
1,4,2,6,Border,,,,,1,2,3,1,1,3,,,,2,2,2,1,1,1,,,,thorn,thorn,thorn,iq,iq,iq,,,,0,1,0,1,1,1,,,,0,1,0,0,0,0,,,,1,0,1,1,0,1,,,,alibi,alibi,lesion,fuze,fuze,fuze,,,,2,1,1,1,2,1,,,,1,0,1,0,0,0,,,,
0,1,4,5,Oregon,,,,,1,4,2,3,4,,,,,1,1,1,2,2,,,,,ash,ash,ash,mute,mute,,,,,0,0,0,1,0,,,,,2,0,1,4,0,,,,,1,1,1,0,1,,,,,lion,fuze,fuze,mira,mira,,,,,2,1,1,0,0,,,,,1,1,1,0,1,,,,,
0,1,4,5,Skyscraper,blitz,deimos,clash,fenrir,1,2,2,1,2,,,,,2,2,2,1,1,,,,,tachanka,tachanka,tachanka,ash,ash,,,,,1,0,0,0,0,,,,,0,0,0,0,0,,,,,0,0,1,1,1,,,,,frost,kapkan,lesion,fuze,fuze,,,,,1,0,0,0,2,,,,,0,0,1,1,1,,,,,
1,4,1,5,Club House,thatcher,jackal,fenrir,solis,1,1,2,1,2,,,,,1,1,1,2,2,,,,,ash,finka,nokk,mute,thorn,,,,,1,0,1,1,1,,,,,1,0,2,1,0,,,,,1,1,0,0,1,,,,,ying,lion,lion,frost,kaid,,,,,2,2,1,2,0,,,,,1,1,0,0,0,,,,,
0,2,4,6,Chalet,blitz,dokkaebi,fenrir,clash,1,4,4,1,4,1,,,,1,1,1,2,2,2,,,,ash,thatcher,thatcher,thorn,mute,thorn,,,,0,1,1,0,0,0,,,,0,0,1,0,1,2,,,,1,0,0,1,1,1,,,,fuze,ace,ace,castle,mira,lesion,,,,1,1,1,1,0,0,,,,1,0,0,1,1,1,,,,
1,5,4,9,Skyscraper,blitz,fuze,caveira,lesion,1,1,2,1,4,1,1,4,4,1,1,1,2,2,2,1,2,1,sledge,sledge,sledge,thorn,thorn,thorn,sledge,thorn,sledge,1,0,1,0,1,0,0,1,1,0,0,1,0,4,1,3,1,2,1,1,0,1,0,1,1,0,0,lion,lion,jackal,smoke,smoke,smoke,jackal,mute,ram,3,0,1,1,0,0,0,3,1,0,1,1,1,1,1,1,0,0,
1,4,2,6,Kanal,,,,,1,4,2,1,4,2,,,,1,1,1,2,2,2,,,,blackbeard,iq,iq,bandit,bandit,bandit,,,,0,0,1,1,1,1,,,,1,0,2,0,0,1,,,,1,1,0,1,1,1,,,,iana,fuze,ram,jager,fenrir,jager,,,,0,0,2,1,0,0,,,,1,1,0,0,1,1,,,,
0,0,4,4,Kafe,,,,,1,4,1,1,,,,,,2,2,2,1,,,,,,jager,bandit,jager,iq,,,,,,0,0,0,0,,,,,,0,0,0,0,,,,,,1,1,1,1,,,,,,echo,echo,maestro,flores,,,,,,2,0,1,0,,,,,,1,1,1,1,,,,,,
0,1,4,5,Villa,,,,,1,1,2,1,2,,,,,2,2,2,1,1,,,,,bandit,bandit,jager,iq,iq,,,,,0,1,0,0,0,,,,,0,0,0,0,0,,,,,1,1,1,1,1,,,,,echo,maestro,maestro,zofia,fuze,,,,,0,1,0,1,1,,,,,1,0,1,1,1,,,,,
0,1,4,5,Villa,dokkaebi,flores,caveira,echo,1,2,3,3,1,,,,,1,1,1,2,2,,,,,iq,iq,iq,bandit,bandit,,,,,0,0,0,1,0,,,,,1,0,0,1,2,,,,,1,1,1,0,1,,,,,brava,brava,fuze,maestro,maestro,,,,,3,1,0,2,0,,,,,1,1,1,0,1,,,,,
0,3,5,8,Club House,thatcher,dokkaebi,caveira,fenrir,1,2,4,1,2,2,1,1,,1,1,1,2,2,2,2,1,,jackal,jackal,jackal,kapkan,kapkan,kapkan,kapkan,jackal,,0,1,0,1,0,1,0,0,,0,0,1,1,0,1,1,0,,1,1,1,1,1,0,1,1,,brava,ace,ram,frost,mute,kaid,frost,ying,,2,0,0,2,0,0,0,1,,1,0,1,0,1,1,1,1,,
1,4,2,6,Theme Park,dokkaebi,kali,caveira,fenrir,1,1,1,3,1,1,,,,1,1,1,2,2,2,,,,jackal,jackal,jackal,kapkan,kapkan,kapkan,,,,1,1,0,1,0,1,,,,0,1,1,1,0,0,,,,1,0,1,0,1,1,,,,lion,lion,ying,alibi,azami,kaid,,,,0,1,0,3,0,0,,,,0,0,1,0,1,1,,,,
1,4,0,4,Bank,,,,,1,4,2,1,,,,,,2,2,2,1,,,,,,kapkan,kapkan,kapkan,iq,,,,,,1,1,1,1,,,,,,1,1,1,0,,,,,,0,0,0,0,,,,,,maestro,mira,mira,jackal,,,,,,1,0,1,1,,,,,,1,0,0,1,,,,,,
0,3,5,8,Border,blitz,dokkaebi,caveira,fenrir,1,3,4,1,1,2,1,1,,1,1,1,2,2,2,2,1,,ash,ash,ash,thorn,thorn,thorn,thorn,ash,,0,0,1,0,1,1,0,0,,2,0,0,1,1,1,0,0,,1,1,1,1,0,0,1,1,,jackal,jackal,ram,kapkan,kapkan,lesion,melusi,jackal,,0,4,1,2,0,0,0,0,,1,1,1,1,1,0,1,1,,
0,2,4,6,Club House,thatcher,jackal,caveira,fenrir,1,2,1,1,1,2,,,,2,2,2,1,1,1,,,,mute,thorn,mute,iana,ash,ash,,,,0,1,0,1,0,0,,,,0,0,0,0,0,2,,,,1,1,1,1,1,1,,,,frost,kaid,thorn,gridlock,iana,grim,,,,0,0,0,1,0,1,,,,1,1,1,1,1,1,,,,
0,3,5,8,Consulate,blitz,nothing,caveira,clash,1,1,4,1,1,4,4,1,,2,2,2,1,1,1,1,2,,thorn,thorn,thorn,ash,iq,iq,iq,thorn,,0,1,0,1,1,0,0,0,,0,0,0,0,0,1,0,0,,1,1,1,0,1,1,1,1,,lesion,maestro,melusi,jackal,jackal,jackal,jackal,lesion,,2,2,1,3,0,0,1,0,,1,0,1,0,1,1,1,1,,
0,1,4,5,Kafe,dokkaebi,jackal,caveira,clash,4,1,1,1,2,,,,,2,2,2,1,1,,,,,thorn,thorn,thorn,ash,ash,,,,,1,0,0,0,0,,,,,1,0,0,0,0,,,,,0,1,1,1,1,,,,,kapkan,melusi,kapkan,finka,finka,,,,,1,0,2,1,3,,,,,1,1,1,1,1,,,,,
1,4,1,5,Bank,dokkaebi,deimos,caveira,pulse,1,4,4,4,1,,,,,1,1,1,2,2,,,,,ash,ash,ash,thorn,thorn,,,,,0,1,1,1,1,,,,,2,1,0,0,0,,,,,1,0,0,0,0,,,,,brava,fuze,ace,mute,frost,,,,,0,0,1,2,2,,,,,1,0,0,0,0,,,,,
1,4,1,5,Border,fuze,dokkaebi,fenrir,clash,1,1,2,1,1,,,,,1,1,1,2,2,,,,,thermite,ash,buck,bandit,thorn,,,,,1,1,1,0,1,,,,,0,0,0,0,1,,,,,1,1,1,1,1,,,,,brava,lion,ram,azami,kapkan,,,,,2,2,0,0,3,,,,,0,1,1,1,0,,,,,
0,2,4,6,Oregon,blitz,brava,caveira,fenrir,1,4,4,4,1,1,,,,1,1,1,2,2,2,,,,iq,ash,ash,thorn,thorn,thorn,,,,0,1,0,1,0,0,,,,0,1,0,0,0,1,,,,1,0,1,1,1,1,,,,lion,fuze,fuze,mira,mira,lesion,,,,1,1,0,0,0,1,,,,1,0,1,0,1,1,,,,
1,4,0,4,Theme Park,jackal,dokkaebi,fenrir,clash,1,2,3,1,,,,,,2,2,2,1,,,,,,thorn,thorn,thorn,ash,,,,,,1,1,1,1,,,,,,0,2,0,1,,,,,,1,0,0,0,,,,,,maestro,kapkan,alibi,brava,,,,,,0,0,0,0,,,,,,1,1,1,0,,,,,,
0,2,4,6,Chalet,blitz,thatcher,caveira,fenrir,4,1,1,4,1,2,,,,2,2,2,1,1,1,,,,thorn,thorn,thorn,ash,ash,ash,,,,1,0,1,0,0,0,,,,1,0,1,0,1,2,,,,0,1,0,1,1,1,,,,lesion,castle,castle,jackal,ying,jackal,,,,1,0,0,1,0,1,,,,0,1,0,1,1,1,,,,
1,4,2,6,Chalet,blitz,dokkaebi,caveira,clash,4,1,1,1,4,4,,,,2,2,2,1,1,1,,,,mute,thorn,thorn,ash,ash,ash,,,,1,0,1,0,1,1,,,,0,0,0,1,0,0,,,,0,1,0,1,0,0,,,,mira,castle,frost,ace,fuze,fuze,,,,1,1,1,0,1,2,,,,1,1,1,1,0,0,,,,
0,2,4,6,Theme Park,blitz,montagne,fenrir,caveira,1,1,3,1,3,4,,,,2,2,2,1,1,1,,,,thorn,thorn,thorn,ash,ash,ash,,,,0,0,1,1,0,0,,,,0,1,1,3,0,0,,,,1,1,1,0,1,1,,,,maestro,alibi,alibi,fuze,fuze,fuze,,,,0,1,2,0,1,0,,,,1,1,0,1,1,1,,,,
0,1,4,5,Theme Park,,,,,1,3,3,1,3,,,,,2,2,2,1,1,,,,,mozzie,mozzie,mozzie,gridlock,gridlock,,,,,1,0,0,0,0,,,,,0,0,0,0,0,,,,,1,1,1,1,1,,,,,pulse,pulse,pulse,thermite,thermite,,,,,1,1,2,0,1,,,,,0,1,1,1,1,,,,,
0,2,4,6,Chalet,,,,,1,1,4,1,2,4,,,,1,1,1,2,2,2,,,,gridlock,gridlock,gridlock,mozzie,thorn,castle,,,,1,0,0,1,0,0,,,,0,0,0,0,1,0,,,,1,1,1,1,1,1,,,,thermite,thermite,thermite,castle,castle,mute,,,,0,2,2,0,0,1,,,,1,1,1,1,1,1,,,,
1,4,2,6,Kanal,,,,,1,4,2,1,4,2,,,,2,2,2,1,1,1,,,,thorn,thorn,thorn,ash,ash,ash,,,,1,1,1,0,0,1,,,,0,0,0,0,0,0,,,,0,0,0,1,1,0,,,,castle,castle,mozzie,gridlock,gridlock,gridlock,,,,0,0,0,0,0,1,,,,0,0,0,1,1,0,,,,
0,1,4,5,Villa,,,,,1,1,2,1,1,,,,,2,2,2,1,1,,,,,thorn,thorn,thorn,ash,ash,,,,,0,0,0,1,0,,,,,1,1,2,0,0,,,,,1,1,1,1,1,,,,,mozzie,mozzie,mozzie,gridlock,gridlock,,,,,0,2,0,2,0,,,,,1,1,1,1,1,,,,,
0,0,4,4,Skyscraper,,,,,1,2,4,1,,,,,,1,1,1,2,,,,,,ash,ash,thermite,castle,,,,,,0,0,0,0,,,,,,0,1,0,0,,,,,,1,1,1,1,,,,,,gridlock,gridlock,gridlock,pulse,,,,,,0,0,0,0,,,,,,1,1,1,1,,,,,,
1,4,2,6,Consulate,blitz,jackal,clash,fenrir,1,4,2,1,4,2,,,,1,1,1,2,2,2,,,,ash,ash,ash,castle,castle,thorn,,,,0,1,1,0,1,1,,,,0,0,1,0,2,0,,,,1,1,1,1,1,1,,,,gridlock,gridlock,gridlock,pulse,kaid,lesion,,,,0,2,3,0,0,0,,,,1,0,0,1,0,1,,,,7/30/2024
0,0,4,4,Outback,blitz,dokkaebi,caveira,fenrir,1,3,2,1,,,,,,1,1,1,2,,,,,,ash,ash,ash,thorn,,,,,,0,0,0,0,,,,,,0,0,0,0,,,,,,1,0,1,1,,,,,,thermite,ram,brava,goyo,,,,,,0,0,0,2,,,,,,1,0,1,1,,,,,,7/30/2024
0,2,4,6,Club House,dokkaebi,jackal,caveira,clash,1,2,2,2,1,1,,,,2,2,2,1,1,1,,,,mute,thorn,thorn,ash,ash,ash,,,,1,0,0,1,0,0,,,,1,0,2,0,1,0,,,,0,1,1,1,1,1,,,,frost,goyo,kaid,finka,finka,ying,,,,0,1,0,2,0,0,,,,1,1,1,1,1,1,,,,7/30/2024
0,1,4,5,Border,blitz,brava,caveira,kapkan,1,1,2,1,2,,,,,2,2,2,1,1,,,,,thorn,thorn,thorn,ash,ash,,,,,0,1,0,0,0,,,,,0,0,0,0,0,,,,,1,0,1,1,1,,,,,echo,melusi,lesion,finka,ram,,,,,0,0,0,3,0,,,,,1,1,1,1,1,,,,,7/30/2024
1,4,1,5,Club House,thatcher,kali,fenrir,caveira,1,2,2,1,2,,,,,1,1,1,2,2,,,,,ash,ash,ash,thorn,thorn,,,,,1,1,0,1,1,,,,,3,0,0,0,1,,,,,0,0,1,1,0,,,,,finka,finka,lion,frost,kaid,,,,,1,1,1,2,1,,,,,0,1,1,0,1,,,,,7/30/2024
0,4,5,9,Border,blitz,dokkaebi,caveira,fenrir,1,2,3,1,2,3,1,1,3,2,2,2,1,1,1,1,2,1,thorn,thorn,thorn,ash,ash,ash,ash,thorn,ash,1,1,1,0,0,0,0,1,0,0,2,1,1,0,0,1,2,0,1,0,1,1,1,1,1,0,1,maestro,lesion,goyo,finka,ram,finka,ying,maestro,ying,2,0,0,0,1,0,0,0,1,0,0,0,1,1,1,1,0,1,7/30/2024
1,4,2,6,Oregon,blitz,ying,fenrir,clash,1,1,1,4,1,4,,,,1,1,1,2,2,2,,,,ash,ash,ash,mute,thorn,thorn,,,,1,1,0,0,1,1,,,,0,4,0,1,1,1,,,,0,0,1,1,1,0,,,,iana,finka,gridlock,mira,mira,mira,,,,0,1,0,2,0,0,,,,0,1,1,1,0,0,,,,7/30/2024
0,2,4,6,Kafe,dokkaebi,jackal,caveira,azami,1,4,2,1,4,2,,,,1,1,1,2,2,2,,,,ash,ash,ash,maestro,maestro,maestro,,,,1,0,0,1,0,0,,,,1,1,0,0,0,0,,,,0,0,1,1,1,1,,,,ying,fuze,ram,melusi,kaid,lesion,,,,1,0,0,1,0,0,,,,0,1,1,0,1,1,,,,7/30/2024
0,1,4,5,Coastline,kali,dokkaebi,fenrir,clash,1,2,3,1,2,,,,,2,2,2,1,1,,,,,thorn,maestro,maestro,fuze,fuze,,,,,1,0,0,0,0,,,,,3,2,0,3,0,,,,,0,1,1,1,1,,,,,frost,alibi,alibi,ying,ying,,,,,1,1,0,0,1,,,,,0,1,1,1,1,,,,,7/30/2024
0,2,4,6,Kafe,blitz,dokkaebi,caveira,fenrir,1,4,2,1,2,3,,,,2,2,2,1,1,1,,,,maestro,maestro,maestro,fuze,fuze,fuze,,,,1,0,1,0,0,0,,,,0,2,0,1,1,0,,,,0,1,0,1,1,1,,,,melusi,kaid,alibi,finka,ram,ram,,,,0,0,0,0,1,0,,,,0,1,0,1,1,1,,,,7/30/2024
0,4,5,9,Oregon,blitz,jackal,caveira,clash,1,4,1,1,1,4,1,1,4,2,2,2,1,1,1,1,2,1,thorn,thorn,thorn,fuze,fuze,fuze,iq,thorn,ash,0,1,1,1,0,0,0,1,0,1,0,0,1,0,0,0,3,1,1,0,0,0,1,1,1,0,1,mira,mira,frost,ying,ying,ying,ying,mira,ying,0,1,2,2,0,1,0,1,0,1,1,0,0,1,1,1,1,1,7/30/2024
1,4,2,6,Kafe,blitz,deimos,caveira,clash,1,1,4,1,4,2,,,,1,1,1,2,2,2,,,,ash,fuze,fuze,maestro,kapkan,kapkan,,,,1,0,0,1,1,1,,,,0,1,1,0,2,1,,,,1,1,1,0,0,0,,,,finka,finka,ram,melusi,kaid,goyo,,,,3,0,3,3,2,1,,,,0,1,1,0,0,0,,,,7/30/2024
1,5,3,8,Bank,blitz,jackal,kapkan,clash,1,4,1,1,4,2,1,1,,1,1,1,2,2,2,1,2,,fuze,fuze,fuze,tachanka,tachanka,tachanka,fuze,tachanka,,1,0,0,1,1,0,1,1,,1,0,1,0,0,1,0,0,,0,1,1,0,1,1,1,0,,ying,finka,finka,alibi,mira,goyo,ying,alibi,,2,0,0,0,1,1,0,2,,1,1,1,0,0,1,1,0,,7/30/2024
0,0,4,4,Chalet,jackal,dokkaebi,clash,fenrir,1,4,2,1,,,,,,1,1,1,2,,,,,,ash,finka,finka,mozzie,,,,,,0,0,0,0,,,,,,1,0,0,0,,,,,,1,1,1,1,,,,,,finka,ace,ying,goyo,,,,,,0,1,2,3,,,,,,1,1,1,0,,,,,,7/30/2024
0,2,4,6,Villa,dokkaebi,jackal,clash,fenrir,1,2,3,1,2,4,,,,2,2,2,1,1,1,,,,mozzie,thorn,thorn,finka,finka,finka,,,,0,1,1,0,0,0,,,,0,0,1,0,0,0,,,,1,0,0,1,1,1,,,,alibi,alibi,alibi,fuze,fuze,fuze,,,,0,3,2,0,0,0,,,,1,0,0,1,1,1,,,,7/30/2024
1,5,3,8,Villa,blitz,jackal,caveira,clash,1,1,2,1,2,1,1,1,,1,1,1,2,2,2,1,2,,ash,,ash,thorn,thorn,thorn,ash,thorn,,1,0,0,0,1,1,1,1,,0,0,0,0,0,2,0,0,,0,1,1,1,1,1,0,0,,amaru,amaru,finka,echo,alibi,melusi,ying,alibi,,1,1,0,0,0,1,0,2,,0,1,1,1,1,1,1,0,,7/30/2024
0,1,4,5,Coastline,dokkaebi,brava,caveira,fenrir,1,1,2,1,1,,,,,2,2,2,1,1,,,,,thorn,thorn,thorn,ash,ash,,,,,0,0,0,1,0,,,,,2,1,0,0,0,,,,,1,1,1,0,1,,,,,maestro,alibi,alibi,amaru,amaru,,,,,0,1,0,5,0,,,,,1,1,1,1,1,,,,,7/30/2024
1,4,0,4,Coastline,blitz,dokkaebi,caveira,clash,1,1,3,1,,,,,,1,1,1,2,,,,,,buck,buck,buck,thorn,,,,,,1,1,1,1,,,,,,1,2,0,0,,,,,,0,0,0,0,,,,,,amaru,amaru,ram,melusi,,,,,,0,0,0,1,,,,,,1,1,0,0,,,,,,7/30/2024
1,4,2,6,Club House,blitz,deimos,caveira,fenrir,4,1,2,1,2,4,,,,1,1,1,2,2,2,,,,sledge,sledge,sledge,thorn,thorn,thorn,,,,0,1,0,1,1,1,,,,0,1,0,2,1,1,,,,1,0,1,0,1,0,,,,ying,ying,ying,frost,kaid,kaid,,,,0,1,0,1,2,0,,,,1,1,1,1,1,0,,,,7/30/2024
1,5,3,8,Kafe,blitz,jackal,caveira,fenrir,1,1,4,1,1,4,4,1,,1,1,1,2,2,2,2,1,,buck,sledge,,thorn,mute,smoke,mute,sledge,,1,0,0,0,1,1,1,1,,0,0,0,0,1,0,1,1,,0,1,1,1,1,0,0,1,,finka,finka,,melusi,echo,kaid,kaid,finka,,2,0,1,1,1,0,0,3,,0,1,1,1,1,0,1,0,,7/30/2024
0,3,4,7,Coastline,,,,,1,2,4,1,2,4,1,,,2,2,2,1,1,1,1,,,mute,mute,mute,sledge,sledge,sledge,sledge,,,1,1,0,0,0,1,0,,,0,1,2,0,0,1,0,,,1,0,0,1,1,0,1,,,smoke,warden,smoke,brava,brava,brava,amaru,,,2,1,0,1,0,1,2,,,0,0,1,1,1,0,1,,,7/30/2024
1,5,3,8,Border,thatcher,jackal,caveira,fenrir,4,2,2,1,1,2,1,1,,2,2,2,1,1,1,1,2,,thorn,thorn,thorn,thermite,thermite,buck,thermite,thorn,,0,0,1,1,0,1,1,1,,1,2,1,0,1,0,0,0,,1,1,1,0,1,1,0,1,,alibi,alibi,alibi,finka,finka,ram,finka,maestro,,1,0,2,0,0,0,2,0,,1,1,1,0,1,1,0,1,,7/30/2024
0,3,4,7,Oregon,,,,,1,4,4,1,4,4,1,,,1,1,1,2,2,2,2,,,ash,ash,thermite,thorn,thorn,thorn,thorn,,,0,1,1,1,0,0,0,,,0,0,0,0,1,0,0,,,1,1,0,0,1,1,1,,,amaru,deimos,deimos,mute,mute,smoke,mute,,,0,0,0,1,0,0,2,,,1,1,1,1,1,1,1,,,7/30/2024
0,3,4,7,Villa,,,,,1,2,3,1,2,3,1,,,2,2,2,1,1,1,1,,,thorn,thorn,thorn,ash,ash,nokk,finka,,,1,1,1,0,0,0,0,,,1,0,0,0,0,0,0,,,0,0,1,1,1,0,1,,,frost,frost,frost,deimos,deimos,buck,buck,,,1,1,1,0,0,0,0,,,0,0,1,1,1,0,1,,,7/30/2024
1,4,3,7,Outback,,,,,1,2,2,1,2,1,1,,,2,2,2,1,1,1,2,,,azami,maestro,warden,gridlock,sens,osa,tachanka,,,1,0,0,1,1,0,1,,,0,0,0,0,0,0,1,,,0,1,1,0,1,1,0,,,bandit,thorn,lesion,twitch,nomad,ram,solis,,,2,0,0,1,0,2,1,,,1,1,1,0,1,1,1,,,7/30/2024
0,0,4,4,Border,,,,,1,3,2,1,,,,,,1,1,1,2,,,,,,jackal,deimos,amaru,doc,,,,,,0,0,0,0,,,,,,0,1,0,0,,,,,,1,0,1,1,,,,,,finka,ash,dokkaebi,jager,,,,,,0,0,0,0,,,,,,1,0,1,1,,,,,,7/30/2024
1,4,2,6,Kanal,,,,,1,4,4,1,4,4,,,,1,1,1,2,2,2,,,,blackbeard,iq,zofia,thunderbird,frost,alibi,,,,0,1,1,1,0,1,,,,0,3,0,0,1,2,,,,1,0,1,0,1,0,,,,jackal,flores,maverick,kapkan,fenrir,smoke,,,,0,0,1,1,0,1,,,,1,1,0,0,1,1,,,,7/30/2024
0,1,4,5,Consulate,,,,,1,1,4,1,1,,,,,2,2,2,1,1,,,,,thorn,mute,mute,finka,amaru,,,,,0,0,0,1,0,,,,,1,0,0,0,1,,,,,1,1,1,1,1,,,,,goyo,goyo,goyo,amaru,lion,,,,,0,1,0,3,2,,,,,1,1,1,0,1,,,,,7/30/2024
0,3,4,7,Emerald,,,,,1,2,2,1,1,1,1,,,2,2,2,1,1,1,1,,,mute,mute,thorn,amaru,brava,gridlock,ash,,,1,0,0,1,1,0,0,,,0,0,0,0,0,1,1,,,1,1,1,1,1,1,1,,,goyo,goyo,goyo,finka,finka,finka,finka,,,0,0,0,2,1,1,0,,,0,1,1,0,0,1,1,,,7/30/2024
0,2,4,6,Villa,,,,,1,1,2,1,2,3,,,,2,2,2,1,1,1,,,,echo,tubarao,alibi,osa,fuze,iana,,,,0,1,1,0,0,0,,,,0,1,0,0,0,0,,,,1,0,1,1,1,1,,,,thorn,frost,frost,ying,finka,ram,,,,1,0,1,0,0,2,,,,1,1,0,1,1,1,,,,7/30/2024
1,4,3,7,Nighthaven,,,,,1,1,4,1,2,2,4,,,1,1,1,2,2,2,1,,,twitch,twitch,twitch,rook,rook,rook,twitch,,,1,0,1,1,0,0,1,,,1,0,0,0,0,0,2,,,0,1,0,1,1,1,0,,,gridlock,gridlock,gridlock,doc,doc,doc,finka,,,0,0,0,2,0,0,0,,,1,1,1,0,1,1,0,,,7/30/2024
0,2,4,6,Lair,,,,,1,1,4,1,1,4,,,,1,1,1,2,2,2,,,,twitch,twitch,twitch,rook,rook,rook,,,,1,0,0,0,1,0,,,,1,1,0,0,2,0,,,,1,1,1,1,1,1,,,,gridlock,gridlock,capitao,doc,doc,doc,,,,1,0,2,1,1,0,,,,1,1,1,0,0,1,,,,7/30/2024
1,4,3,7,Theme Park,,,,,1,2,3,1,3,2,1,,,1,1,1,2,2,2,1,,,twitch,twitch,twitch,rook,rook,thorn,twitch,,,0,0,0,1,1,1,1,,,0,0,1,0,0,0,0,,,1,1,1,0,1,0,1,,,gridlock,finka,ying,doc,doc,doc,amaru,,,0,1,0,0,2,0,3,,,1,0,1,1,0,0,0,,,7/30/2024
1,4,0,4,Villa,,,,,1,2,4,1,,,,,,2,2,2,1,,,,,,kapkan,warden,azami,zero,,,,,,1,1,1,1,,,,,,0,1,0,0,,,,,,1,0,0,0,,,,,,echo,frost,valkyrie,sens,,,,,,3,0,1,0,,,,,,0,0,0,0,,,,,,7/30/2024
1,4,3,7,Kanal,,,,,1,1,4,1,1,4,4,,,1,1,1,2,2,2,2,,,nomad,capitao,fuze,thorn,fenrir,tubarao,melusi,,,1,0,1,0,0,1,1,,,1,0,0,0,0,1,0,,,1,1,1,1,1,0,0,,,sens,brava,finka,kaid,kaid,kapkan,kapkan,,,0,0,1,0,0,1,1,,,1,1,0,1,1,1,0,,,7/30/2024
0,2,3,5,Bank,,,,,1,4,1,1,4,,,,,2,2,2,1,1,,,,,goyo,rook,vigil,finka,buck,,,,,0,1,0,0,0,,,,,1,1,0,1,1,,,,,1,0,1,1,1,,,,,lesion,mira,mute,ying,ying,,,,,2,2,1,0,0,,,,,1,0,1,1,1,,,,,7/30/2024
0,0,4,4,Border,,,,,1,3,2,1,,,,,,1,1,1,2,,,,,,thermite,lion,ram,caveira,,,,,,0,0,0,0,,,,,,2,0,0,0,,,,,,1,1,1,1,,,,,,finka,ram,amaru,lesion,,,,,,0,0,0,0,,,,,,1,1,1,1,,,,,,7/30/2024
0,2,4,6,Oregon,,,,,1,4,4,1,4,1,,,,1,1,1,2,2,2,,,,maverick,sledge,deimos,mira,wamai,clash,,,,0,1,0,0,1,0,,,,0,0,1,0,0,0,,,,1,0,1,1,1,1,,,,sens,buck,blitz,azami,doc,kapkan,,,,0,0,0,0,2,0,,,,1,1,1,1,0,1,,,,7/30/2024
1,4,0,4,Consulate,,,,,1,2,4,4,,,,,,2,2,2,1,,,,,,lesion,goyo,jager,ace,,,,,,1,1,1,1,,,,,,1,3,1,0,,,,,,1,0,0,1,,,,,,thunderbird,melusi,azami,capitao,,,,,,0,1,1,1,,,,,,1,0,0,1,,,,,,7/30/2024
0,0,4,4,Club House,,,,,1,1,4,1,,,,,,2,2,2,1,,,,,,doc,jager,caveira,iana,,,,,,0,0,0,0,,,,,,0,0,1,0,,,,,,1,1,1,1,,,,,,frost,clash,tubarao,capitao,,,,,,0,0,1,0,,,,,,1,1,1,1,,,,,,7/30/2024
1,4,3,7,Nighthaven,,,,,1,1,4,1,1,2,1,,,2,2,2,1,1,1,2,,,frost,castle,tachanka,ace,glaz,zofia,fenrir,,,0,1,0,1,0,1,1,,,0,1,0,0,0,0,0,,,1,0,1,0,1,0,1,,,thorn,thorn,kapkan,maverick,nokk,ash,aruni,,,0,0,0,1,0,0,3,,,1,0,1,0,1,0,0,,,7/30/2024
1,4,2,6,Bank,,,,,1,4,4,1,1,4,,,,2,2,2,1,1,1,,,,castle,valkyrie,thunderbird,nomad,twitch,osa,,,,1,0,0,1,1,1,,,,0,0,1,0,2,1,,,,0,1,1,1,1,0,,,,rook,solis,lesion,buck,flores,jackal,,,,1,0,0,4,0,0,,,,1,1,1,0,1,0,,,,7/30/2024
0,3,4,7,Emerald,,,,,1,2,2,1,2,3,1,,,2,2,2,1,1,1,1,,,mira,solis,vigil,fuze,finka,finka,jackal,,,1,0,1,0,0,1,0,,,0,0,1,2,0,3,0,,,1,1,1,1,1,0,1,,,thunderbird,frost,jager,kali,osa,jackal,nokk,,,2,3,0,0,0,1,0,,,0,1,1,1,1,0,1,,,7/30/2024
0,3,4,7,Chalet,,,,,4,1,1,1,4,1,4,,,1,1,1,2,2,2,1,,,amaru,blackbeard,grim,wamai,tubarao,warden,gridlock,,,0,1,0,0,1,1,0,,,0,0,0,1,1,0,0,,,1,1,1,1,0,1,1,,,osa,fuze,gridlock,vigil,rook,mozzie,ace,,,0,3,0,0,0,2,0,,,1,0,1,1,1,1,1,,,7/30/2024
0,0,4,4,Villa,,,,,1,2,3,1,,,,,,1,1,1,2,,,,,,sledge,zero,capitao,mozzie,,,,,,0,0,0,0,,,,,,0,0,0,0,,,,,,1,1,1,1,,,,,,amaru,gridlock,brava,tubarao,,,,,,0,0,2,0,,,,,,1,1,1,1,,,,,,7/30/2024
0,0,4,4,Theme Park,,,,,1,3,2,4,,,,,,1,1,1,2,,,,,,thermite,nokk,lion,frost,,,,,,0,0,0,0,,,,,,1,0,0,0,,,,,,1,1,1,1,,,,,,twitch,jackal,kali,clash,,,,,,0,0,0,0,,,,,,0,1,1,1,,,,,,7/30/2024
0,0,4,4,Oregon,,,,,1,4,2,1,,,,,,1,1,1,2,,,,,,sens,thermite,blackbeard,tubarao,,,,,,0,0,0,0,,,,,,0,0,1,1,,,,,,1,1,1,1,,,,,,flores,gridlock,montagne,alibi,,,,,,0,0,0,0,,,,,,1,1,1,1,,,,,,7/30/2024
1,4,3,7,Border,,,,,1,1,1,1,1,1,3,,,2,2,2,1,1,1,1,,,azami,kapkan,melusi,iq,fuze,flores,flores,,,0,0,0,1,1,1,1,,,0,0,0,0,1,1,0,,,1,1,1,1,1,0,0,,,warden,smoke,echo,sens,grim,amaru,amaru,,,0,0,1,0,3,2,0,,,1,1,1,0,0,0,1,,,7/30/2024
0,0,4,4,Kafe,,,,,1,1,4,1,,,,,,1,1,1,2,,,,,,ace,buck,blitz,doc,,,,,,0,0,0,0,,,,,,3,0,0,0,,,,,,1,1,1,1,,,,,,gridlock,capitao,thermite,vigil,,,,,,1,2,0,0,,,,,,1,1,1,1,,,,,,7/30/2024
0,2,4,6,Oregon,,,,,1,4,4,1,4,4,,,,1,1,1,2,2,2,,,,zofia,zero,thatcher,valkyrie,smoke,tubarao,,,,0,1,0,1,0,0,,,,0,0,0,1,0,0,,,,1,1,1,0,1,1,,,,gridlock,finka,gridlock,tubarao,caveira,fenrir,,,,1,3,1,0,0,0,,,,1,0,1,0,1,1,,,,7/30/2024
1,4,0,4,Coastline,,,,,1,2,4,1,,,,,,2,2,2,1,,,,,,smoke,valkyrie,mozzie,deimos,,,,,,1,1,1,1,,,,,,1,1,0,0,,,,,,0,0,1,1,,,,,,jager,aruni,rook,capitao,,,,,,2,2,0,0,,,,,,1,0,1,0,,,,,,7/30/2024
0,2,4,6,Bank,,,,,4,1,1,1,4,1,,,,2,2,2,1,1,1,,,,mira,tubarao,ela,lion,flores,amaru,,,,1,0,0,1,0,0,,,,0,1,0,1,1,0,,,,1,1,1,1,1,1,,,,goyo,maestro,mute,kali,iq,nokk,,,,2,1,1,1,1,0,,,,0,1,1,1,1,1,,,,7/30/2024
1,3,0,3,Consulate,,,,,1,4,3,,,,,,,2,2,2,,,,,,,frost,thorn,azami,,,,,,,1,1,1,,,,,,,0,1,0,,,,,,,0,1,0,,,,,,,caveira,rook,melusi,,,,,,,2,2,3,,,,,,,0,0,0,,,,,,,7/30/2024
0,3,4,7,Kafe,,,,,1,4,2,1,2,4,4,,,1,1,1,2,2,2,1,,,hibana,twitch,zofia,tachanka,goyo,kapkan,,,,1,0,0,1,1,0,0,,,0,1,2,1,2,0,0,,,0,1,1,0,0,1,1,,,maverick,zero,gridlock,caveira,caveira,smoke,,,,0,1,0,1,1,0,0,,,1,1,1,0,1,1,1,,,7/30/2024
1,4,2,6,Border,,,,,1,2,3,1,1,2,,,,2,2,2,1,1,1,,,,goyo,mozzie,thunderbird,flores,zofia,iq,,,,1,0,1,1,0,1,,,,0,0,0,0,0,0,,,,1,1,1,1,1,1,,,,kaid,thunderbird,kaid,ying,iana,ash,,,,1,0,1,3,0,1,,,,1,1,1,0,1,1,,,,7/30/2024
0,3,4,7,Kafe,,,,,4,1,1,1,1,4,4,,,2,2,2,1,1,1,2,,,thorn,frost,caveira,amaru,amaru,thermite,wamai,,,1,0,0,1,0,1,0,,,1,1,0,0,0,0,0,,,1,1,1,1,1,1,1,,,oryx,melusi,kapkan,gridlock,lion,ram,azami,,,0,0,0,1,0,0,0,,,1,1,1,0,1,1,1,,,7/30/2024
0,1,4,5,Border,,,,,1,1,3,1,1,,,,,1,1,1,2,2,,,,,ying,deimos,osa,melusi,thunderbird,,,,,1,0,0,0,0,,,,,0,0,1,0,0,,,,,1,1,1,1,1,,,,,nomad,ace,twitch,mira,tachanka,,,,,0,0,0,0,0,,,,,1,1,1,1,1,,,,,7/30/2024
1,4,2,6,Kafe,,,,,1,4,1,4,1,3,,,,1,1,1,2,2,2,,,,zero,zero,sledge,mira,maestro,warden,,,,1,0,0,1,1,1,,,,1,0,1,2,0,0,,,,1,1,1,0,0,1,,,,blitz,montagne,iana,tubarao,pulse,goyo,,,,1,0,0,2,0,2,,,,0,1,1,1,1,0,,,,7/30/2024
1,4,1,5,Outback,,,,,1,2,2,1,2,,,,,2,2,2,1,1,,,,,thorn,goyo,kaid,twitch,gridlock,,,,,1,0,1,1,1,,,,,0,0,0,0,0,,,,,0,1,0,0,0,,,,,mute,jager,clash,finka,iana,,,,,0,2,0,1,0,,,,,1,1,1,0,0,,,,,7/30/2024
0,1,4,5,Border,,,,,1,1,3,1,3,,,,,2,2,2,1,1,,,,,oryx,aruni,pulse,montagne,kali,,,,,0,1,0,0,0,,,,,0,2,0,0,0,,,,,1,0,1,0,1,,,,,jager,alibi,maestro,blackbeard,montagne,,,,,1,1,0,0,0,,,,,1,0,1,1,1,,,,,7/30/2024
0,1,4,5,Kanal,,,,,1,2,4,1,4,,,,,1,1,1,2,2,,,,,ash,nomad,sens,valkyrie,frost,,,,,0,0,0,1,0,,,,,0,0,0,0,0,,,,,1,1,1,1,1,,,,,grim,blitz,brava,mute,thorn,,,,,1,0,0,2,0,,,,,1,1,1,0,1,,,,,7/30/2024
1,4,0,4,Kafe,,,,,1,4,2,1,,,,,,2,2,2,1,,,,,,castle,alibi,tachanka,blackbeard,,,,,,1,1,1,1,,,,,,1,0,1,0,,,,,,0,1,0,0,,,,,,bandit,bandit,mozzie,thermite,,,,,,3,1,0,2,,,,,,0,1,1,1,,,,,,7/30/2024
1,4,2,6,Skyscraper,,,,,1,1,2,1,2,2,,,,1,1,1,2,2,2,,,,montagne,kali,ash,lesion,echo,clash,,,,1,1,0,1,0,1,,,,0,0,0,0,0,0,,,,0,0,1,0,1,0,,,,deimos,iq,hibana,mute,maestro,oryx,,,,2,0,0,0,0,2,,,,0,0,1,1,1,0,,,,7/30/2024
0,3,4,7,Skyscraper,,,,,1,1,2,1,1,2,1,,,1,1,1,2,2,2,1,,,blackbeard,maverick,ash,thunderbird,rook,kaid,finka,,,1,0,0,0,1,1,0,,,1,0,0,0,0,1,0,,,0,1,1,1,1,1,1,,,blitz,nokk,zero,lesion,ela,maestro,nokk,,,0,2,0,0,0,2,2,,,0,1,1,1,1,0,1,,,7/30/2024
0,2,4,6,Outback,,,,,1,2,2,1,2,2,,,,2,2,2,1,1,1,,,,azami,melusi,solis,sledge,grim,gridlock,,,,1,0,0,0,1,0,,,,2,0,0,0,0,2,,,,0,1,1,1,1,1,,,,castle,ela,wamai,kali,finka,capitao,,,,1,0,0,0,0,0,,,,0,1,1,1,1,1,,,,7/30/2024
0,3,4,7,Lair,,,,,1,2,4,1,1,4,1,,,1,1,1,2,2,2,1,,,hibana,finka,lion,tachanka,goyo,mozzie,grim,,,0,0,1,0,1,1,0,,,0,0,3,3,0,1,0,,,1,1,0,1,1,0,1,,,buck,buck,dokkaebi,mozzie,frost,caveira,lion,,,0,2,0,1,1,1,2,,,1,0,1,1,0,0,1,,,7/30/2024
1,5,3,8,Club House,dokkaebi,brava,clash,fenrir,1,2,4,1,2,4,1,1,,2,2,2,1,1,1,2,1,,thorn,thorn,thorn,ash,ash,thermite,thorn,ash,,1,1,1,0,0,0,1,1,,1,1,0,0,0,0,1,1,,0,1,0,1,1,1,0,1,,frost,kaid,kaid,gridlock,thatcher,ram,frost,ying,,2,2,2,1,2,3,3,2,,0,1,0,1,1,1,0,1,,7/30/2024
0,0,4,4,Border,,,,,1,1,4,1,,,,,,2,2,2,1,,,,,,kaid,fenrir,doc,glaz,,,,,,0,0,0,0,,,,,,1,2,0,1,,,,,,1,1,1,1,,,,,,valkyrie,smoke,jager,lion,,,,,,0,1,0,1,,,,,,1,1,1,1,,,,,,7/30/2024
1,5,4,9,Border,ram,,caveira,clash,1,4,3,1,2,3,1,1,3,2,2,2,1,1,1,2,1,2,thorn,maestro,alibi,ash,ash,ash,alibi,ash,alibi,0,1,1,0,0,1,1,0,1,0,1,0,0,1,2,3,1,0,1,0,1,1,1,0,0,1,0,maestro,lesion,lesion,ying,buck,jackal,kapkan,ying,lesion,0,0,3,0,0,0,0,0,0,1,0,0,1,1,1,1,1,0,7/30/2024
1,4,1,5,Chalet,,,,,1,4,2,1,2,,,,,2,2,2,1,1,,,,,maestro,jager,mozzie,jackal,amaru,,,,,1,1,1,0,1,,,,,0,0,0,1,0,,,,,1,1,0,1,0,,,,,melusi,oryx,alibi,dokkaebi,ram,,,,,2,0,2,0,0,,,,,0,0,0,1,0,,,,,7/30/2024
1,4,3,7,Oregon,,,,,1,3,2,1,3,4,1,,,1,1,1,2,2,2,1,,,finka,ying,lion,mozzie,wamai,valkyrie,brava,,,0,1,0,1,1,0,1,,,0,3,1,1,0,1,1,,,1,0,1,0,0,1,0,,,sens,grim,glaz,vigil,frost,pulse,ying,,,1,0,1,0,0,0,1,,,1,1,1,1,0,1,1,,,7/30/2024
0,2,4,6,Outback,,,,,1,2,2,1,2,3,,,,2,2,2,1,1,1,,,,frost,melusi,mozzie,deimos,kali,iq,,,,1,0,1,0,0,0,,,,0,0,0,0,0,0,,,,1,1,1,1,1,1,,,,oryx,mozzie,jager,gridlock,glaz,sledge,,,,1,0,1,0,0,0,,,,1,1,0,1,1,1,,,,7/30/2024
0,3,4,7,Border,,,,,1,3,2,1,1,2,2,,,2,2,2,1,1,1,1,,,vigil,kaid,pulse,thatcher,maverick,ace,fuze,,,1,1,1,0,0,0,0,,,3,0,3,0,1,0,0,,,0,1,0,1,1,1,1,,,castle,tubarao,bandit,zero,sens,thatcher,ram,,,1,1,0,2,0,0,0,,,1,1,0,1,1,1,1,,,7/30/2024
0,0,4,4,Villa,,,,,1,2,4,1,,,,,,1,1,1,2,,,,,,grim,nokk,glaz,mira,,,,,,0,0,0,0,,,,,,0,1,0,2,,,,,,1,1,1,1,,,,,,buck,amaru,iq,mute,,,,,,1,1,0,0,,,,,,1,1,1,1,,,,,,7/30/2024
1,4,3,7,Chalet,,,,,1,4,1,1,4,4,4,,,1,1,1,2,2,2,2,,,gridlock,grim,flores,kaid,caveira,azami,warden,,,0,1,0,1,0,1,1,,,0,1,1,0,1,0,0,,,1,1,1,0,1,0,0,,,brava,glaz,deimos,kapkan,kaid,warden,mozzie,,,0,1,0,1,0,3,1,,,1,1,1,0,1,0,0,,,7/30/2024
1,5,4,9,Villa,dokkaebi,jackal,caveira,fenrir,1,1,2,1,1,2,1,2,1,2,2,2,1,1,1,2,1,2,thorn,thorn,thorn,ash,ash,nomad,thorn,osa,thorn,0,1,0,1,0,1,0,1,1,0,2,0,0,0,0,0,0,0,1,0,1,1,1,1,1,0,0,melusi,frost,frost,ying,ying,finka,mira,finka,mira,1,0,1,0,0,2,0,0,0,1,1,1,1,1,0,1,1,0,7/30/2024
0,1,4,5,Club House,,,,,1,2,1,2,1,,,,,2,2,2,1,1,,,,,sentry,thorn,thorn,striker,nokk,,,,,0,1,0,0,0,,,,,0,3,0,0,1,,,,,1,0,1,1,1,,,,,melusi,sentry,wamai,capitao,striker,,,,,0,0,0,0,0,,,,,1,1,1,1,1,,,,,7/30/2024
0,1,4,5,Border,,,,,1,3,4,1,3,,,,,1,1,1,2,2,,,,,jackal,jackal,jackal,mira,mira,,,,,0,0,0,1,0,,,,,0,1,1,0,1,,,,,1,1,1,1,1,,,,,maverick,maverick,maverick,doc,rook,,,,,1,0,2,1,0,,,,,1,1,1,1,1,,,,,7/30/2024
1,4,0,4,Kafe,dokkaebi,nothing,clash,thunderbird,1,4,2,1,,,,,,2,2,2,1,,,,,,thorn,thorn,maestro,iq,,,,,,1,1,1,1,,,,,,0,1,1,0,,,,,,0,1,0,0,,,,,,frost,kaid,melusi,finka,,,,,,1,0,0,0,,,,,,0,1,1,0,,,,,,7/30/2024
0,0,4,4,Outback,,,,,1,2,3,1,,,,,,1,1,1,2,,,,,,iq,iq,iq,maestro,,,,,,0,0,0,0,,,,,,0,0,0,0,,,,,,1,1,1,1,,,,,,maverick,ying,ram,melusi,,,,,,0,0,0,0,,,,,,1,1,1,1,,,,,,7/30/2024
1,4,0,4,Coastline,,,,,1,2,3,1,,,,,,2,2,2,1,,,,,,maestro,maestro,maestro,iq,,,,,,1,1,1,1,,,,,,0,0,0,1,,,,,,0,0,1,0,,,,,,frost,melusi,alibi,finka,,,,,,1,1,3,1,,,,,,1,0,0,0,,,,,,7/30/2024
0,1,4,5,Theme Park,,,,,1,2,3,2,1,,,,,1,1,1,2,2,,,,,iq,iq,iq,jager,jager,,,,,0,0,0,1,0,,,,,0,1,0,0,0,,,,,1,1,1,0,1,,,,,blitz,blitz,blitz,bandit,bandit,,,,,0,0,0,2,0,,,,,1,1,1,0,1,,,,,7/30/2024
1,4,1,5,Coastline,,,,,1,2,3,1,1,,,,,2,2,2,1,1,,,,,bandit,jager,jager,iq,iq,,,,,1,1,0,1,1,,,,,1,1,0,1,0,,,,,0,1,1,0,0,,,,,jager,bandit,bandit,ying,ying,,,,,1,0,2,1,0,,,,,1,1,1,0,0,,,,,7/30/2024
0,1,4,5,Villa,,,,,1,1,2,1,2,,,,,2,2,2,1,1,,,,,jager,jager,jager,sens,finka,,,,,0,0,1,0,0,,,,,0,0,2,0,1,,,,,1,1,0,1,1,,,,,bandit,bandit,bandit,iq,iq,,,,,0,0,1,2,0,,,,,1,1,0,1,1,,,,,7/30/2024
1,4,0,4,Villa,dokkaebi,deimos,caveira,clash,1,1,1,1,,,,,,1,1,1,2,,,,,,iq,ash,ash,thorn,,,,,,1,1,1,1,,,,,,0,0,3,0,,,,,,0,1,0,0,,,,,,ying,ying,iq,frost,,,,,,0,1,1,1,,,,,,0,1,1,0,,,,,,7/30/2024
0,1,4,5,Bank,blitz,montagne,caveira,clash,1,4,4,2,1,,,,,2,2,2,1,1,,,,,thorn,thorn,thorn,ash,buck,,,,,0,0,1,0,0,,,,,2,0,1,1,1,,,,,1,1,0,1,1,,,,,alibi,mira,mira,ying,finka,,,,,1,3,0,0,0,,,,,1,1,0,1,1,,,,,7/30/2024
0,2,4,6,Chalet,,,,,1,4,2,4,1,3,,,,2,2,2,1,1,1,,,,fenrir,wamai,doc,grim,lion,amaru,,,,1,1,0,0,0,0,,,,0,1,0,2,2,0,,,,0,0,1,1,1,1,,,,bandit,jager,alibi,iq,iq,iq,,,,0,1,0,1,0,0,,,,1,1,1,1,1,1,,,,7/30/2024
1,4,3,7,Emerald,,,,,1,1,2,1,2,4,1,,,1,1,1,2,2,2,1,,,ace,capitao,striker,frost,mute,maestro,striker,,,1,0,1,1,0,0,1,,,1,0,0,1,0,3,0,,,1,1,1,1,1,1,1,,,iq,iq,iq,maestro,maestro,alibi,jackal,,,1,1,3,2,0,0,0,,,1,1,0,0,1,1,1,,,7/30/2024
1,4,3,7,Chalet,,,,,1,4,3,1,4,3,1,,,2,2,2,1,1,1,2,,,kaid,fenrir,valkyrie,thatcher,deimos,dokkaebi,jager,,,1,1,1,0,0,0,1,,,1,0,2,0,0,0,0,,,0,1,0,1,1,1,1,,,sentry,goyo,melusi,iana,jackal,finka,ela,,,4,0,0,0,1,0,1,,,1,1,1,1,1,1,0,,,7/30/2024
0,2,4,6,Bank,montagne,jackal,caveira,fenrir,4,1,4,1,4,2,,,,2,2,2,1,1,1,,,,thorn,thorn,thorn,iq,nokk,ash,,,,0,1,1,0,0,0,,,,0,0,0,0,0,0,,,,1,0,1,1,1,1,,,,mira,frost,mira,ying,ying,ram,,,,0,3,2,2,0,0,,,,1,0,0,1,1,1,,,,7/30/2024
0,3,4,7,Emerald,,,,,1,1,4,1,1,4,4,,,1,1,1,2,2,2,2,,,twitch,ace,blackbeard,goyo,bandit,melusi,kaid,,,1,1,0,0,0,1,0,,,0,1,0,0,2,0,0,,,0,0,1,1,1,1,1,,,nokk,kali,zero,fenrir,melusi,solis,azami,,,0,1,0,0,0,0,0,,,1,0,1,1,1,1,1,,,7/30/2024
1,4,1,5,Outback,,,,,1,2,3,1,2,,,,,2,2,2,1,1,,,,,wamai,maestro,valkyrie,osa,osa,,,,,1,1,1,0,1,,,,,0,0,0,0,1,,,,,0,0,0,1,0,,,,,melusi,melusi,melusi,gridlock,gridlock,,,,,2,0,2,0,1,,,,,0,0,0,1,1,,,,,7/30/2024
0,1,4,5,Oregon,,,,,1,4,2,1,4,,,,,1,1,1,2,2,,,,,osa,osa,nokk,thorn,thorn,,,,,0,0,1,0,0,,,,,0,0,1,1,0,,,,,1,1,0,1,1,,,,,gridlock,fuze,ying,melusi,mira,,,,,0,2,3,0,0,,,,,1,1,0,1,1,,,,,7/30/2024
1,4,1,5,Club House,dokkaebi,jackal,caveira,kapkan,1,2,4,1,4,,,,,1,1,1,2,2,,,,,ash,ash,ash,thorn,thorn,,,,,1,0,1,1,1,,,,,3,0,3,0,2,,,,,0,1,0,0,0,,,,,ying,osa,gridlock,frost,kaid,,,,,0,1,1,2,0,,,,,1,1,1,0,0,,,,,7/30/2024
0,2,4,6,Chalet,dokkaebi,brava,clash,caveira,1,4,3,1,4,4,,,,1,1,1,2,2,2,,,,jackal,thatcher,ash,valkyrie,mute,thorn,,,,0,1,0,1,0,0,,,,2,1,0,0,0,0,,,,1,1,1,0,1,1,,,,ace,thermite,ram,castle,mira,mira,,,,0,0,2,1,0,0,,,,1,1,1,0,1,1,,,,7/30/2024
0,1,4,5,Bank,fuze,nomad,caveira,maestro,1,4,4,1,1,,,,,1,1,1,2,2,,,,,ash,thermite,buck,thorn,thorn,,,,,0,1,0,0,0,,,,,0,0,0,0,1,,,,,1,1,1,1,1,,,,,jackal,osa,osa,melusi,mira,,,,,0,1,0,0,0,,,,,1,1,1,1,1,,,,,7/30/2024
1,4,3,7,Skyscraper,,,,,1,2,3,1,2,2,1,,,2,2,2,1,1,1,2,,,mira,alibi,solis,finka,zofia,nokk,tubarao,,,1,1,0,0,1,0,1,,,1,1,0,0,1,0,1,,,1,0,1,1,1,0,0,,,caveira,mira,echo,flores,thermite,zofia,warden,,,0,1,1,0,1,0,0,,,1,1,1,1,1,0,1,,,7/30/2024
0,3,4,7,Theme Park,,,,,1,1,3,1,3,1,1,,,2,2,2,1,1,1,2,,,thorn,bandit,alibi,striker,striker,hibana,alibi,,,0,0,1,1,0,1,0,,,0,0,0,1,0,0,0,,,1,1,1,1,1,0,1,,,echo,echo,echo,flores,osa,iq,echo,,,1,0,0,0,0,3,0,,,1,1,1,1,1,0,1,,,7/30/2024
0,1,5,6,Nighthaven,,,,,1,2,4,1,4,1,,,,1,1,1,2,2,2,,,,zero,buck,finka,melusi,melusi,warden,,,,0,0,1,0,0,0,,,,0,0,0,0,1,0,,,,1,1,1,1,1,1,,,,finka,fuze,fuze,echo,echo,echo,,,,0,0,0,0,0,0,,,,1,1,1,1,1,1,,,,7/30/2024
0,3,4,7,Kafe,,,,,1,2,4,1,2,4,1,,,2,2,2,1,1,1,2,,,caveira,caveira,caveira,brava,brava,brava,caveira,,,1,1,1,0,0,0,0,,,2,2,0,0,0,0,0,,,1,1,1,1,1,1,1,,,melusi,melusi,kaid,iana,iana,iana,melusi,,,1,0,0,0,1,4,0,,,1,1,0,1,1,1,1,,,7/30/2024
1,4,3,7,Outback,,,,,1,4,2,2,3,1,2,,,2,2,2,1,1,1,1,,,alibi,alibi,alibi,osa,osa,grim,nomad,,,1,0,1,0,0,1,1,,,1,0,0,1,1,0,0,,,1,1,0,1,1,0,1,,,melusi,melusi,melusi,iana,iana,iana,iana,,,2,0,2,0,0,1,0,,,0,1,0,1,1,0,0,,,7/30/2024
1,4,3,7,Bank,,,,,1,4,2,1,4,2,4,,,2,2,2,1,1,1,2,,,caveira,caveira,caveira,nomad,nomad,nomad,caveira,,,1,1,1,0,0,0,1,,,0,0,0,0,0,0,1,,,1,0,0,1,1,1,0,,,melusi,melusi,melusi,iana,iana,iana,melusi,,,0,1,3,0,3,0,0,,,1,0,0,1,1,1,0,,,7/30/2024
0,3,4,7,Nighthaven,,,,,1,2,3,1,4,2,1,,,1,1,1,2,2,2,1,,,hibana,hibana,hibana,caveira,caveira,caveira,hibana,,,0,0,0,1,1,1,0,,,0,2,1,0,1,3,1,,,1,1,1,0,1,0,1,,,iana,iana,iana,mute,mute,mute,iana,,,0,2,0,0,0,1,0,,,1,1,1,0,1,0,1,,,7/30/2024
1,4,1,5,Bank,,,,,1,1,1,4,1,,,,,1,1,1,2,2,,,,,nomad,nomad,nomad,caveira,caveira,,,,,1,1,0,1,1,,,,,3,3,0,0,1,,,,,0,0,1,1,0,,,,,iana,iana,iana,smoke,smoke,,,,,1,0,0,1,2,,,,,1,1,1,0,0,,,,,7/30/2024
0,3,4,7,Lair,,,,,1,1,3,1,4,2,1,,,2,2,2,1,1,1,2,,,thorn,caveira,caveira,nomad,nomad,nomad,caveira,,,0,1,1,0,1,0,0,,,1,2,1,0,3,0,0,,,1,0,0,1,1,1,1,,,smoke,smoke,smoke,iana,iana,iana,smoke,,,0,1,0,2,1,2,1,,,1,0,0,1,1,1,1,,,7/30/2024
1,4,0,4,Kanal,,,,,1,1,4,1,,,,,,1,1,1,2,,,,,,nomad,nomad,nomad,caveira,,,,,,1,1,1,1,,,,,,1,3,0,0,,,,,,0,0,1,1,,,,,,iana,iana,iana,smoke,,,,,,2,2,2,3,,,,,,0,0,0,0,,,,,,7/30/2024
0,3,4,7,Border,,,,,1,1,1,1,3,3,1,,,2,2,2,1,1,1,2,,,caveira,caveira,caveira,nomad,nomad,nomad,caveira,,,0,0,1,0,1,1,0,,,0,0,0,0,0,0,0,,,1,1,0,1,0,1,1,,,smoke,mute,mute,iana,iana,iana,smoke,,,0,2,1,0,0,3,0,,,1,1,0,1,1,0,1,,,7/30/2024
1,4,0,4,Outback,,,,,1,2,3,1,,,,,,2,2,2,1,,,,,,caveira,caveira,caveira,nomad,,,,,,1,1,1,1,,,,,,2,1,0,0,,,,,,0,1,1,0,,,,,,smoke,smoke,smoke,iana,,,,,,0,1,0,0,,,,,,1,0,1,0,,,,,,7/30/2024
0,1,4,5,Nighthaven,,,,,1,1,1,1,1,,,,,2,2,2,1,1,,,,,caveira,thorn,caveira,nomad,nomad,,,,,0,0,0,1,0,,,,,1,1,0,2,0,,,,,1,1,1,0,1,,,,,vigil,vigil,smoke,iana,iana,,,,,1,1,2,0,0,,,,,1,1,1,0,1,,,,,7/30/2024
1,4,0,4,Theme Park,,,,,1,2,3,1,,,,,,2,2,2,1,,,,,,mira,caveira,solis,hibana,,,,,,1,1,1,1,,,,,,1,2,0,1,,,,,,0,0,0,0,,,,,,frost,pulse,rook,sledge,,,,,,1,0,1,2,,,,,,1,0,1,0,,,,,,7/30/2024
1,4,1,5,Skyscraper,,,,,1,2,4,1,2,,,,,2,2,2,1,1,,,,,caveira,caveira,caveira,nomad,ash,,,,,1,1,1,0,1,,,,,1,0,1,0,0,,,,,0,1,0,1,0,,,,,melusi,melusi,melusi,sledge,sledge,,,,,1,0,3,0,2,,,,,0,1,0,1,0,,,,,7/30/2024
0,1,4,5,Border,kali,dokkaebi,clash,fenrir,1,2,3,1,1,,,,,1,1,1,2,2,,,,,iq,buck,buck,caveira,thorn,,,,,0,1,0,0,0,,,,,0,1,0,0,0,,,,,1,1,1,1,1,,,,,jackal,ram,ram,kapkan,maestro,,,,,0,1,0,0,0,,,,,1,0,1,1,1,,,,,7/30/2024
1,5,3,8,Kafe,dokkaebi,blitz,clash,caveira,1,4,4,1,4,4,1,1,,2,2,2,1,1,1,2,1,,maestro,thorn,thorn,nomad,nomad,nomad,thorn,nomad,,1,0,1,0,1,0,1,1,,2,0,1,1,0,0,1,1,,0,1,0,1,0,1,0,1,,melusi,kaid,kaid,finka,ram,ram,melusi,finka,,0,0,0,2,3,0,1,0,,0,1,0,1,0,1,0,1,,7/30/2024
1,4,2,6,Emerald,,,,,1,2,4,1,4,2,,,,2,2,2,1,1,1,,,,kapkan,kapkan,kapkan,glaz,glaz,glaz,,,,1,1,0,1,0,1,,,,2,1,0,0,0,2,,,,0,1,1,0,1,0,,,,ela,lesion,ela,dokkaebi,dokkaebi,dokkaebi,,,,0,2,2,0,2,0,,,,1,0,1,0,1,1,,,,7/30/2024
1,4,1,5,Club House,,,,,1,1,2,2,1,,,,,2,2,2,1,1,,,,,thorn,thorn,thorn,brava,brava,,,,,0,1,1,1,1,,,,,0,0,1,1,0,,,,,1,1,0,1,0,,,,,frost,ela,frost,dokkaebi,lion,,,,,1,0,2,0,2,,,,,1,1,0,1,0,,,,,7/30/2024
0,0,4,4,Kanal,,,,,1,4,2,1,,,,,,1,1,1,2,,,,,,brava,nomad,nomad,ela,,,,,,0,0,0,0,,,,,,1,1,1,1,,,,,,1,1,1,1,,,,,,blitz,blitz,blitz,mozzie,,,,,,1,0,0,1,,,,,,1,1,0,1,,,,,,7/30/2024
1,4,1,5,Consulate,,,,,1,2,2,1,4,,,,,1,1,1,2,2,,,,,nomad,nomad,nomad,thorn,thorn,,,,,0,1,1,1,1,,,,,1,1,1,0,0,,,,,1,0,0,1,0,,,,,brava,blitz,brava,melusi,melusi,,,,,0,1,1,0,1,,,,,1,1,1,1,1,,,,,7/30/2024
1,4,3,7,Oregon,,,,,1,4,2,1,4,2,1,,,1,1,1,2,2,2,2,,,nomad,ash,nokk,thorn,thorn,thorn,thorn,,,0,1,0,1,0,1,1,,,1,0,1,2,1,0,0,,,1,1,1,0,1,1,1,,,brava,brava,iana,ela,ela,ela,ela,,,0,2,1,2,1,1,0,,,1,0,1,0,1,1,1,,,7/30/2024
1,4,0,4,Kafe,,,,,1,4,2,1,,,,,,2,2,2,1,,,,,,lesion,kaid,aruni,kali,,,,,,1,1,1,1,,,,,,0,0,0,0,,,,,,1,0,1,1,,,,,,caveira,caveira,doc,buck,,,,,,2,0,0,0,,,,,,0,1,1,1,,,,,,7/30/2024
0,1,4,5,Villa,,,,,1,2,3,1,1,,,,,1,1,1,2,2,,,,,glaz,sledge,sledge,azami,doc,,,,,0,0,1,0,0,,,,,1,0,0,0,1,,,,,1,1,0,1,1,,,,,twitch,twitch,osa,kapkan,bandit,,,,,1,0,3,0,0,,,,,1,1,1,1,1,,,,,7/30/2024
0,2,4,6,Skyscraper,,,,,1,2,3,1,1,2,,,,1,1,1,2,2,2,,,,blackbeard,deimos,striker,oryx,solis,castle,,,,0,0,1,0,1,0,,,,1,0,4,0,2,1,,,,1,1,0,1,0,1,,,,nokk,ram,ace,kapkan,kapkan,alibi,,,,0,0,0,2,1,2,,,,1,1,1,1,0,1,,,,7/30/2024
0,0,4,4,Kanal,,,,,1,4,2,1,,,,,,1,1,1,2,,,,,,dokkaebi,finka,glaz,mira,,,,,,0,0,0,0,,,,,,0,0,3,0,,,,,,1,1,1,1,,,,,,nomad,nokk,jackal,castle,,,,,,1,0,0,0,,,,,,1,1,1,1,,,,,,7/30/2024
1,4,0,4,Border,,,,,1,1,3,1,,,,,,1,1,1,2,,,,,,ace,osa,lion,fenrir,,,,,,1,1,1,1,,,,,,0,0,0,2,,,,,,0,0,0,0,,,,,,nokk,ram,capitao,wamai,,,,,,3,1,1,1,,,,,,0,0,0,1,,,,,,7/30/2024
1,4,3,7,Chalet,,,,,1,4,4,1,4,1,1,,,2,2,2,1,1,1,2,,,thunderbird,melusi,thorn,nomad,nomad,nomad,thorn,,,1,0,0,1,0,1,1,,,0,0,2,2,2,1,1,,,1,0,1,1,1,1,1,,,pulse,goyo,mira,ace,ace,ace,castle,,,1,0,0,1,1,0,0,,,0,0,1,1,1,1,1,,,7/30/2024
0,1,4,5,Skyscraper,,,,,1,2,4,2,1,,,,,1,1,1,2,2,,,,,sledge,iana,amaru,kaid,maestro,,,,,0,1,0,0,0,,,,,1,1,0,1,2,,,,,1,0,1,1,1,,,,,ace,nokk,ash,vigil,lesion,,,,,0,3,2,0,0,,,,,1,0,1,1,0,,,,,7/30/2024
0,3,4,7,Consulate,,,,,1,4,2,1,4,2,1,,,2,2,2,1,1,1,1,,,lesion,lesion,lesion,brava,brava,brava,brava,,,1,1,0,0,0,1,0,,,4,1,0,0,0,4,2,,,0,0,1,1,1,0,1,,,echo,echo,doc,finka,finka,finka,finka,,,0,0,0,0,0,0,0,,,0,0,1,1,1,1,1,,,7/30/2024
1,4,3,7,Theme Park,,,,,1,1,2,1,3,2,3,,,2,2,2,1,1,1,1,,,castle,thunderbird,thorn,nomad,nomad,nomad,ash,,,0,1,1,1,0,0,1,,,0,0,1,0,0,0,0,,,1,1,0,1,1,1,1,,,doc,doc,doc,finka,ying,amaru,amaru,,,0,0,0,3,0,0,2,,,1,1,1,1,1,1,0,,,7/30/2024
1,4,2,6,Villa,,,,,1,1,2,1,2,2,,,,1,1,1,2,2,2,,,,ash,ash,ash,thorn,caveira,caveira,,,,1,0,1,1,0,1,,,,1,0,0,1,0,0,,,,0,1,0,1,1,0,,,,amaru,amaru,amaru,mute,smoke,mute,,,,0,0,0,2,0,1,,,,1,1,1,0,1,0,,,,7/30/2024
0,0,4,4,Skyscraper,,,,,1,2,4,1,,,,,,1,1,1,2,,,,,,nomad,nomad,nomad,thorn,,,,,,0,0,0,0,,,,,,0,0,3,0,,,,,,1,1,1,1,,,,,,amaru,amaru,amaru,mute,,,,,,0,0,1,0,,,,,,1,1,1,1,,,,,,7/30/2024
1,4,1,5,Villa,,,,,1,1,2,1,1,,,,,2,2,2,1,1,,,,,mute,bandit,echo,finka,finka,,,,,0,1,1,1,1,,,,,0,0,0,0,0,,,,,1,1,0,1,1,,,,,tachanka,goyo,goyo,capitao,capitao,,,,,0,2,1,1,1,,,,,1,1,0,1,0,,,,,7/30/2024
0,1,4,5,Kafe,,,,,1,1,2,1,4,,,,,2,2,2,1,1,,,,,echo,echo,echo,amaru,amaru,,,,,0,1,0,0,0,,,,,1,2,0,1,0,,,,,1,0,1,1,1,,,,,mute,frost,mute,ram,ram,,,,,0,2,0,0,0,,,,,1,1,1,1,1,,,,,7/30/2024
1,4,1,5,Skyscraper,,,,,1,2,4,1,2,,,,,2,2,2,1,1,,,,,echo,echo,echo,amaru,amaru,,,,,1,1,0,1,1,,,,,0,0,0,0,1,,,,,0,1,1,1,1,,,,,solis,sentry,doc,ash,ram,,,,,1,1,1,2,1,,,,,1,1,1,0,0,,,,,7/30/2024
1,4,3,7,Coastline,,,,,1,2,2,1,2,3,1,,,1,1,1,2,2,2,2,,,buck,gridlock,maverick,azami,fenrir,kapkan,alibi,,,0,1,0,1,0,1,1,,,2,0,1,1,1,0,0,,,1,0,1,0,1,0,1,,,nomad,iana,hibana,mira,tubarao,tubarao,vigil,,,0,0,0,0,0,3,0,,,1,0,1,1,1,0,1,,,7/30/2024
